#num-states,num-transitions,type-size,probability-indeterminate,subset,overlap,non-trivial-overlap
10,10,3,0.33934508955104753,false,false,false
10,13,4,0.09194240764545365,:dont-know,:dont-know,:dont-know
10,14,2,0.16842802914818,false,false,false
10,14,4,0.4222330404686356,:dont-know,:dont-know,:dont-know
10,15,2,0.3233118846845295,:dont-know,:dont-know,:dont-know
10,16,3,0.5213694176665798,:dont-know,:dont-know,:dont-know
10,17,2,0.5085903742843448,:dont-know,:dont-know,:dont-know
10,18,3,0.2930349502706328,:dont-know,:dont-know,:dont-know
10,19,2,0.14762612191639593,false,false,false
10,19,2,0.5199376511343656,:dont-know,:dont-know,:dont-know
10,19,3,0.22236319006983982,false,:dont-know,:dont-know
10,19,3,0.3503272653464635,:dont-know,:dont-know,:dont-know
10,19,3,0.36121334532508237,:dont-know,:dont-know,:dont-know
10,19,4,0.33016524465653446,:dont-know,:dont-know,:dont-know
10,20,4,0.3185016778609325,false,false,false
10,21,2,0.37001152171572566,:dont-know,:dont-know,:dont-know
10,21,2,0.3720005055749735,true,true,true
10,21,3,0.11723469306476271,true,true,true
10,21,3,0.5826655297631701,:dont-know,:dont-know,:dont-know
10,21,4,0.31169098074392704,:dont-know,:dont-know,:dont-know
10,21,4,0.3989538910936355,:dont-know,:dont-know,:dont-know
10,21,4,0.6326945299519589,:dont-know,:dont-know,:dont-know
10,22,4,0.09463843854871716,true,true,true
10,23,4,0.3993770516817361,:dont-know,:dont-know,:dont-know
10,25,3,0.5066510817859965,:dont-know,:dont-know,:dont-know
10,28,3,0.48116637827575204,:dont-know,:dont-know,:dont-know
11,11,3,0.39721140527461646,false,false,false
11,12,3,0.3616990798692526,false,false,false
11,13,2,0.2865532301586477,false,false,false
11,14,3,0.4877082135818787,false,false,false
11,14,4,0.2963323226603444,:dont-know,:dont-know,:dont-know
11,15,3,0.16708235766692262,false,false,false
11,15,3,0.1869757537757969,:dont-know,:dont-know,:dont-know
11,16,2,0.15121188311674416,false,false,false
11,16,2,0.24622399831160968,:dont-know,:dont-know,:dont-know
11,16,2,0.5325998453158751,false,:dont-know,:dont-know
11,16,3,0.4466031392272242,:dont-know,:dont-know,:dont-know
11,17,3,0.3888482818757464,:dont-know,:dont-know,:dont-know
11,17,4,0.30182242498236916,:dont-know,:dont-know,:dont-know
11,18,3,0.2936643562217807,:dont-know,:dont-know,:dont-know
11,19,2,0.3691363860621519,:dont-know,:dont-know,:dont-know
11,19,3,0.3047090886268738,false,false,false
11,20,2,0.13050296287839788,:dont-know,:dont-know,:dont-know
11,20,2,0.23811773750745224,false,false,false
11,20,4,0.30799749660300374,:dont-know,:dont-know,:dont-know
11,20,4,0.4415451468781146,:dont-know,:dont-know,:dont-know
11,20,4,0.4940672849926829,:dont-know,:dont-know,:dont-know
11,21,2,0.26912005717141024,:dont-know,:dont-know,:dont-know
11,21,2,0.32882970531597167,:dont-know,:dont-know,:dont-know
11,21,3,0.1293626107323407,:dont-know,:dont-know,:dont-know
11,22,2,0.13567045533310085,true,true,true
11,23,2,0.019191871784561127,false,false,false
11,23,3,0.25591770554292426,:dont-know,:dont-know,:dont-know
11,23,3,0.48831873215845584,:dont-know,:dont-know,:dont-know
11,24,3,0.26927499442015373,true,true,true
11,24,3,0.4077683938057164,:dont-know,:dont-know,:dont-know
11,24,3,0.5877097509378365,false,:dont-know,:dont-know
11,24,4,0.1038859568200654,false,false,false
11,24,4,0.1105438044805918,true,true,true
11,25,2,0.17447557461056562,:dont-know,:dont-know,:dont-know
11,26,2,0.6547481720727052,:dont-know,:dont-know,:dont-know
11,26,3,0.08615415602881349,true,true,true
11,26,4,0.4302696997538888,:dont-know,:dont-know,:dont-know
11,27,2,0.27611917767584965,:dont-know,:dont-know,:dont-know
11,27,4,0.549267822093954,:dont-know,:dont-know,:dont-know
11,28,4,0.3709590410794015,true,true,true
12,12,2,0.487589162021223,false,false,false
12,13,2,0.40163644891318756,false,false,false
12,14,3,0.33236919994355124,:dont-know,:dont-know,:dont-know
12,15,3,0.08229960491066939,true,true,true
12,16,2,0.07085865215291653,false,false,false
12,16,3,0.21076317062677527,:dont-know,:dont-know,:dont-know
12,16,4,0.4417031007441048,:dont-know,:dont-know,:dont-know
12,17,4,0.10929077783393026,false,false,false
12,18,2,0.31054143058659883,false,true,true
12,18,3,0.25156520332723054,true,true,true
12,18,4,0.3229315348322381,false,false,false
12,19,3,0.2471284399354593,:dont-know,:dont-know,:dont-know
12,19,3,0.3038398148482076,false,false,false
12,20,2,0.36162811893299995,:dont-know,:dont-know,:dont-know
12,20,2,0.49268009669245255,:dont-know,:dont-know,:dont-know
12,20,3,0.2823087337947363,:dont-know,:dont-know,:dont-know
12,22,2,0.33028484984811135,true,true,true
12,22,2,0.3514532915031712,:dont-know,:dont-know,:dont-know
12,23,2,0.3886846409682276,true,true,true
12,23,3,0.05384117646463212,true,true,true
12,24,2,0.5207818837569174,:dont-know,:dont-know,:dont-know
12,24,3,0.33040674946614496,:dont-know,:dont-know,:dont-know
12,24,4,0.0339098495097366,true,true,true
12,24,4,0.42830735440967155,true,true,true
12,24,4,0.43040403215085865,:dont-know,:dont-know,:dont-know
12,24,4,0.43394951572679935,true,true,true
12,24,4,0.5609248791579438,:dont-know,:dont-know,:dont-know
12,25,2,0.41933586972411413,:dont-know,:dont-know,:dont-know
12,25,3,0.1529626531794066,false,false,false
12,25,3,0.33804439419304827,false,false,false
12,25,3,0.39618200931075487,:dont-know,:dont-know,:dont-know
12,26,4,0.3470017087300354,:dont-know,:dont-know,:dont-know
12,27,3,0.2199251377972162,:dont-know,:dont-know,:dont-know
12,28,3,0.2406232767022962,:dont-know,:dont-know,:dont-know
12,28,3,0.36094689992889295,:dont-know,:dont-know,:dont-know
12,28,3,0.3699184285039978,:dont-know,:dont-know,:dont-know
12,28,3,0.4144049530356049,true,true,true
12,28,3,0.4528354471168033,:dont-know,:dont-know,:dont-know
12,29,2,0.3563919020011159,:dont-know,:dont-know,:dont-know
12,29,4,0.4069149081295877,:dont-know,:dont-know,:dont-know
12,30,4,0.6065506604525925,:dont-know,:dont-know,:dont-know
12,31,4,0.2223566793311578,:dont-know,:dont-know,:dont-know
12,32,4,0.2927897842298724,true,true,true
13,13,4,0.5142175958135027,false,false,false
13,14,3,0.36908306689148535,false,false,false
13,15,2,0.34938833549249476,false,false,false
13,15,3,0.3056072608646225,false,false,false
13,16,2,0.5375145351883787,false,false,false
13,16,3,0.03638953940741322,true,true,true
13,16,3,0.364555353394935,false,false,false
13,16,4,0.19072819376599923,:dont-know,:dont-know,:dont-know
13,17,2,0.39230179074782784,false,false,false
13,18,4,0.4296279548963598,false,:dont-know,:dont-know
13,19,2,0.2197256685253236,:dont-know,:dont-know,:dont-know
13,20,2,0.5452347290376384,false,:dont-know,:dont-know
13,20,3,0.2635081384892129,:dont-know,:dont-know,:dont-know
13,21,3,0.47730439215759946,true,true,true
13,22,2,0.21816097086576025,true,true,true
13,22,3,0.4353938769637831,:dont-know,:dont-know,:dont-know
13,22,4,0.1979019828107996,:dont-know,:dont-know,:dont-know
13,22,4,0.20805167706560493,false,false,false
13,23,3,0.18348518617601947,:dont-know,true,true
13,23,3,0.38702596887249974,:dont-know,:dont-know,:dont-know
13,24,2,0.5453855385304011,:dont-know,:dont-know,:dont-know
13,25,2,0.28801670800152185,:dont-know,:dont-know,:dont-know
13,25,2,0.43336544013684547,:dont-know,:dont-know,:dont-know
13,25,3,0.19264084984201457,:dont-know,:dont-know,:dont-know
13,25,4,0.18910799026286315,:dont-know,true,true
13,25,4,0.5414406443632684,:dont-know,:dont-know,:dont-know
13,26,2,0.3070847499865171,:dont-know,:dont-know,:dont-know
13,26,2,0.49495580217748153,:dont-know,:dont-know,:dont-know
13,26,4,0.3286422538133004,:dont-know,:dont-know,:dont-know
13,26,4,0.4751649408458058,false,false,false
13,27,2,0.29655425589841605,:dont-know,:dont-know,:dont-know
13,27,3,0.12313718223388392,false,false,false
13,27,4,0.26718841888325834,:dont-know,:dont-know,:dont-know
13,28,3,0.1660913389331399,:dont-know,:dont-know,:dont-know
13,28,3,0.20173086208946012,true,true,true
13,29,2,0.2135036066751483,false,false,false
13,29,4,0.4342416266229852,:dont-know,:dont-know,:dont-know
13,30,2,0.27089368747796727,:dont-know,:dont-know,:dont-know
13,30,3,0.1911122298142015,:dont-know,true,true
13,30,4,0.29920941270653406,:dont-know,:dont-know,:dont-know
13,31,2,0.40747276312275676,:dont-know,:dont-know,:dont-know
13,32,2,0.26211373242012137,:dont-know,:dont-know,:dont-know
13,32,3,0.49340197577797346,:dont-know,:dont-know,:dont-know
13,32,4,0.4521949090751998,:dont-know,:dont-know,:dont-know
13,33,2,0.2639315220366139,:dont-know,:dont-know,:dont-know
13,33,2,0.35330649237115824,:dont-know,:dont-know,:dont-know
13,33,4,0.4281288416669758,:dont-know,:dont-know,:dont-know
13,34,2,0.3563072681243333,:dont-know,:dont-know,:dont-know
13,34,3,0.3908100967530497,:dont-know,:dont-know,:dont-know
13,35,2,0.20152180836444758,true,true,true
13,36,4,0.6038751421246913,:dont-know,:dont-know,:dont-know
14,14,3,0.45009873410423834,false,false,false
14,16,2,0.21149782755924207,false,false,false
14,16,2,0.255619804463214,:dont-know,:dont-know,:dont-know
14,16,2,0.27952378344998036,:dont-know,:dont-know,:dont-know
14,16,2,0.39853714330926976,false,false,false
14,16,2,0.47716457720084776,false,false,false
14,16,2,0.6322940639343763,:dont-know,:dont-know,:dont-know
14,16,4,0.1427726952291518,false,false,false
14,17,4,0.30249999804054667,false,false,false
14,17,4,0.3470348446033153,false,false,false
14,19,2,0.14895390968110098,false,false,false
14,19,2,0.3375121413654436,false,false,false
14,20,2,0.5011333916232382,:dont-know,:dont-know,:dont-know
14,20,2,0.5339826548702584,false,false,false
14,20,3,0.321320406585026,:dont-know,:dont-know,:dont-know
14,20,4,0.40854420751974674,false,false,false
14,21,2,0.5053638435180442,:dont-know,:dont-know,:dont-know
14,21,2,0.6305183206233366,:dont-know,:dont-know,:dont-know
14,21,3,0.08705896972027516,false,false,false
14,21,3,0.38690147806120107,false,false,false
14,21,4,0.19866048494150165,:dont-know,:dont-know,:dont-know
14,21,4,0.2120874359158956,:dont-know,:dont-know,:dont-know
14,22,2,0.4157691321607761,true,true,true
14,22,3,0.3720632194525475,:dont-know,:dont-know,:dont-know
14,23,2,0.4601371437563809,false,false,false
14,23,3,0.15502665139173435,:dont-know,:dont-know,:dont-know
14,24,2,0.12431731637232586,:dont-know,:dont-know,:dont-know
14,24,3,0.3895277239254568,:dont-know,:dont-know,:dont-know
14,24,3,0.3901838331481698,:dont-know,:dont-know,:dont-know
14,24,4,0.2730729332086525,false,false,false
14,24,4,0.35268213412991023,false,:dont-know,:dont-know
14,25,2,0.06797342957285135,false,false,false
14,25,2,0.22102832264693062,:dont-know,:dont-know,:dont-know
14,25,2,0.34320993264715766,:dont-know,:dont-know,:dont-know
14,25,3,0.1844299488545933,:dont-know,:dont-know,:dont-know
14,25,3,0.18786750340163438,:dont-know,:dont-know,:dont-know
14,25,3,0.6435706531114179,:dont-know,:dont-know,:dont-know
14,25,4,0.1599579767731059,true,true,true
14,26,4,0.28521830461987624,true,true,true
14,26,4,0.4479404250580517,:dont-know,:dont-know,:dont-know
14,27,2,0.30030213468547506,false,false,false
14,27,3,0.21324668443246717,true,true,true
14,27,4,0.02282074181523926,true,true,true
14,27,4,0.25239941374192476,:dont-know,:dont-know,:dont-know
14,27,4,0.39345286009484326,:dont-know,:dont-know,:dont-know
14,28,2,0.43870175475238216,:dont-know,:dont-know,:dont-know
14,28,2,0.4831342028039954,:dont-know,:dont-know,:dont-know
14,28,3,0.4892335903897562,:dont-know,:dont-know,:dont-know
14,28,3,0.6387305279395312,:dont-know,:dont-know,:dont-know
14,28,4,0.36960440971561564,:dont-know,:dont-know,:dont-know
14,28,4,0.48639932463074587,false,false,false
14,28,4,0.5512370931845528,:dont-know,:dont-know,:dont-know
14,29,3,0.25477952534418197,:dont-know,:dont-know,:dont-know
14,30,2,0.3088994866657811,true,true,true
14,30,3,0.2594094511622422,true,true,true
14,30,4,0.11453424548762288,true,true,true
14,30,4,0.25515271742793727,:dont-know,:dont-know,:dont-know
14,31,4,0.6143857819086025,false,false,false
14,32,2,0.08661879151539394,true,true,true
14,32,2,0.48591716781763344,:dont-know,:dont-know,:dont-know
14,32,3,0.11811309102576917,:dont-know,:dont-know,:dont-know
14,32,3,0.3395200062590022,false,false,false
14,32,3,0.44512336581967454,:dont-know,:dont-know,:dont-know
14,32,4,0.17959065161125767,true,true,true
14,32,4,0.2464946236733504,:dont-know,true,true
14,33,2,0.27342931912018303,:dont-know,:dont-know,:dont-know
14,33,3,0.1589177858003256,:dont-know,true,true
14,33,4,0.29720598112370455,:dont-know,:dont-know,:dont-know
14,34,3,0.11298148138483073,true,true,true
14,34,3,0.23069440772300545,:dont-know,true,true
14,34,4,0.22318218812478854,true,true,true
14,35,2,0.4268299387077718,:dont-know,:dont-know,:dont-know
14,35,3,0.15776813566418002,true,true,true
14,35,4,0.36220015241199105,:dont-know,true,true
14,36,2,0.3797315926326161,:dont-know,:dont-know,:dont-know
14,36,3,0.21342187643236613,true,true,true
14,36,4,0.23616052960297662,:dont-know,:dont-know,:dont-know
14,36,4,0.47205163362962654,:dont-know,:dont-know,:dont-know
14,39,3,0.3183756041415427,:dont-know,true,true
15,16,4,0.13496171078658661,false,false,false
15,16,4,0.34470387534687047,false,:dont-know,:dont-know
15,17,2,0.15325987653762121,false,false,false
15,17,2,0.5061679721966946,false,false,false
15,18,2,0.2697354671435018,false,false,false
15,20,3,0.21678010665485178,false,false,false
15,21,2,0.38318805882305157,:dont-know,:dont-know,:dont-know
15,21,2,0.4236343598408013,false,:dont-know,:dont-know
15,21,4,0.3753680775931371,:dont-know,:dont-know,:dont-know
15,22,2,0.42240727369020625,false,false,false
15,22,2,0.5358406453573767,false,:dont-know,:dont-know
15,22,3,0.5404488369676735,false,false,false
15,23,2,0.3321574276064178,false,false,false
15,23,4,0.6146753436715899,:dont-know,:dont-know,:dont-know
15,24,2,0.24249857898092494,:dont-know,:dont-know,:dont-know
15,24,2,0.35089376099249775,true,true,true
15,26,2,0.2366153463969121,:dont-know,:dont-know,:dont-know
15,26,3,0.4289274734592185,:dont-know,:dont-know,:dont-know
15,26,4,0.2614947400764655,:dont-know,true,true
15,26,4,0.4716254135973477,false,false,false
15,26,4,0.5764507212919568,:dont-know,:dont-know,:dont-know
15,27,2,0.21319983891949312,:dont-know,:dont-know,:dont-know
15,27,2,0.2145076635164692,true,true,true
15,27,2,0.2633488600475658,:dont-know,:dont-know,:dont-know
15,27,2,0.2795582613645819,:dont-know,:dont-know,:dont-know
15,27,3,0.29997219622504806,true,true,true
15,27,3,0.5487309536434665,:dont-know,:dont-know,:dont-know
15,27,4,0.5593674650675535,:dont-know,:dont-know,:dont-know
15,28,2,0.28090735318950405,true,true,true
15,28,2,0.4061206171119502,:dont-know,:dont-know,:dont-know
15,28,2,0.4905414908279757,:dont-know,:dont-know,:dont-know
15,28,3,0.13875180082252106,true,true,true
15,28,3,0.4791907732296558,:dont-know,:dont-know,:dont-know
15,28,4,0.07482081861371521,true,true,true
15,28,4,0.45647040119064625,:dont-know,:dont-know,:dont-know
15,29,2,0.3244119388952746,false,false,false
15,29,2,0.4705063983008033,:dont-know,:dont-know,:dont-know
15,29,3,0.4837772630982866,:dont-know,:dont-know,:dont-know
15,30,3,0.24782924234272166,:dont-know,true,true
15,30,3,0.2956546670666082,:dont-know,:dont-know,:dont-know
15,30,3,0.3412490305038515,:dont-know,:dont-know,:dont-know
15,30,4,0.35650378443384373,:dont-know,:dont-know,:dont-know
15,31,2,0.4456538407912684,:dont-know,:dont-know,:dont-know
15,31,2,0.4623708435207569,:dont-know,:dont-know,:dont-know
15,31,3,0.36018655600003885,:dont-know,:dont-know,:dont-know
15,31,3,0.4626289433256607,true,true,true
15,31,3,0.47164380840057757,:dont-know,:dont-know,:dont-know
15,31,4,0.37304836434296545,:dont-know,:dont-know,:dont-know
15,32,2,0.24754245103348674,:dont-know,:dont-know,:dont-know
15,32,2,0.31842722857407063,:dont-know,:dont-know,:dont-know
15,32,2,0.46223265296340293,true,true,true
15,32,4,0.1078321828167826,:dont-know,:dont-know,:dont-know
15,33,3,0.39458591535544746,:dont-know,true,true
15,33,4,0.6399655314173393,:dont-know,:dont-know,:dont-know
15,34,2,0.4093432067625907,:dont-know,:dont-know,:dont-know
15,34,3,0.5139728303779844,:dont-know,:dont-know,:dont-know
15,34,4,0.1808731857934456,:dont-know,:dont-know,:dont-know
15,34,4,0.26149589968818415,true,true,true
15,35,3,0.31869034105615773,:dont-know,:dont-know,:dont-know
15,35,3,0.340273727887876,:dont-know,:dont-know,:dont-know
15,35,4,0.056254641022529896,true,true,true
15,35,4,0.2094782733074649,true,true,true
15,36,2,0.3146521794782218,:dont-know,:dont-know,:dont-know
15,36,2,0.3711590338643484,:dont-know,:dont-know,:dont-know
15,36,2,0.4358860897153532,:dont-know,:dont-know,:dont-know
15,37,2,0.0810386103691056,:dont-know,:dont-know,:dont-know
15,37,2,0.4454198691340636,:dont-know,:dont-know,:dont-know
15,37,3,0.2675136294592029,true,true,true
15,37,4,0.10870684628822713,true,true,true
15,38,4,0.1868569269401793,true,true,true
15,38,4,0.37320718279594334,:dont-know,:dont-know,:dont-know
15,41,3,0.47940598284065267,:dont-know,:dont-know,:dont-know
15,42,4,0.5075794684103813,:dont-know,:dont-know,:dont-know
16,17,3,0.3839108942740593,false,false,false
16,18,2,0.5876655557901199,false,false,false
16,19,4,0.3217839011304097,false,false,false
16,19,4,0.399901604332005,:dont-know,:dont-know,:dont-know
16,20,2,0.2388680200915285,:dont-know,:dont-know,:dont-know
16,20,2,0.5178263127112245,:dont-know,:dont-know,:dont-know
16,20,4,0.437211666600729,:dont-know,:dont-know,:dont-know
16,21,3,0.3957809508783107,false,false,false
16,21,4,0.43494683325660183,false,false,false
16,22,2,0.22269468261037287,:dont-know,:dont-know,:dont-know
16,23,4,0.3255883979974473,:dont-know,:dont-know,:dont-know
16,23,4,0.3818258362722308,:dont-know,:dont-know,:dont-know
16,24,2,0.3165917702239067,:dont-know,:dont-know,:dont-know
16,24,2,0.3570313650360553,true,true,true
16,24,2,0.5008405680449642,:dont-know,:dont-know,:dont-know
16,24,4,0.28899410623738825,:dont-know,:dont-know,:dont-know
16,24,4,0.46298063722125643,:dont-know,:dont-know,:dont-know
16,25,2,0.24160312026312483,false,true,true
16,25,2,0.3870738927260371,false,false,false
16,25,4,0.414942962894089,:dont-know,:dont-know,:dont-know
16,26,2,0.21503071787605774,:dont-know,:dont-know,:dont-know
16,26,2,0.4065642474680729,:dont-know,:dont-know,:dont-know
16,26,3,0.35832081424748646,:dont-know,:dont-know,:dont-know
16,26,4,0.164650967003422,:dont-know,:dont-know,:dont-know
16,27,2,0.10093954708347556,:dont-know,:dont-know,:dont-know
16,27,4,0.08848922514693551,true,true,true
16,28,2,0.29188284867813596,false,false,false
16,28,3,0.32972855567623005,:dont-know,:dont-know,:dont-know
16,28,3,0.38755617690319877,:dont-know,:dont-know,:dont-know
16,28,3,0.4445826848242212,:dont-know,:dont-know,:dont-know
16,28,4,0.19906160841936024,false,false,false
16,29,2,0.48955210494797335,:dont-know,:dont-know,:dont-know
16,29,3,0.19016326948640697,:dont-know,:dont-know,:dont-know
16,29,3,0.3836405047725881,:dont-know,:dont-know,:dont-know
16,29,4,0.1890797093943597,true,true,true
16,29,4,0.2745159844536649,:dont-know,:dont-know,:dont-know
16,30,3,0.28337563726201226,true,true,true
16,30,3,0.5869099817877285,:dont-know,:dont-know,:dont-know
16,31,2,0.47684430115374415,:dont-know,:dont-know,:dont-know
16,31,3,0.2844309344136559,:dont-know,:dont-know,:dont-know
16,31,3,0.32407850012755385,:dont-know,:dont-know,:dont-know
16,31,4,0.41459064670450574,:dont-know,:dont-know,:dont-know
16,31,4,0.4170526339209797,true,true,true
16,32,2,0.3226451906575441,:dont-know,:dont-know,:dont-know
16,32,3,0.17815240201129642,:dont-know,true,true
16,32,3,0.4268959826462085,:dont-know,:dont-know,:dont-know
16,32,4,0.06891906740734051,true,true,true
16,33,2,0.2135933721793062,:dont-know,true,true
16,33,2,0.25740882716124464,:dont-know,:dont-know,:dont-know
16,33,3,0.24520631303652396,:dont-know,:dont-know,:dont-know
16,33,3,0.2694698102697706,:dont-know,:dont-know,:dont-know
16,33,3,0.36780273258645596,:dont-know,:dont-know,:dont-know
16,33,4,0.3790250134651763,:dont-know,:dont-know,:dont-know
16,33,4,0.3997243867877474,:dont-know,:dont-know,:dont-know
16,33,4,0.4974886162777857,:dont-know,:dont-know,:dont-know
16,34,2,0.13141624443141806,false,:dont-know,:dont-know
16,34,2,0.30806114738870144,:dont-know,:dont-know,:dont-know
16,34,2,0.44079050639115414,:dont-know,:dont-know,:dont-know
16,34,2,0.4853975671218551,:dont-know,:dont-know,:dont-know
16,34,3,0.2943724245252055,:dont-know,:dont-know,:dont-know
16,34,4,0.17939884792969532,true,true,true
16,35,3,0.07869446219558189,true,true,true
16,35,3,0.33909315675543095,:dont-know,:dont-know,:dont-know
16,36,2,0.18119360430784281,true,true,true
16,36,2,0.20205472118409998,:dont-know,true,true
16,36,3,0.3256845226004281,false,true,true
16,37,2,0.2892651395057166,:dont-know,:dont-know,:dont-know
16,37,3,0.4540757028178282,:dont-know,:dont-know,:dont-know
16,38,3,0.26861884264779917,true,true,true
16,39,2,0.5237685471521883,:dont-know,:dont-know,:dont-know
16,39,3,0.35283908305532147,:dont-know,:dont-know,:dont-know
16,40,2,0.29195674806978605,:dont-know,:dont-know,:dont-know
16,40,2,0.31243984803819286,false,false,false
16,40,2,0.46779111223674036,:dont-know,:dont-know,:dont-know
16,41,2,0.2599625751772014,:dont-know,:dont-know,:dont-know
16,41,3,0.4742426130682121,:dont-know,:dont-know,:dont-know
16,41,4,0.16840761352742392,true,true,true
16,43,2,0.17683900989405435,true,true,true
16,44,2,0.2704439070001335,:dont-know,true,true
16,44,3,0.028870466095150277,true,true,true
16,44,3,0.10282814145594328,:dont-know,:dont-know,:dont-know
17,17,4,0.41469808999391383,false,false,false
17,18,4,0.439715536710245,false,:dont-know,:dont-know
17,20,2,0.0901789635649786,false,false,false
17,20,3,0.13933666604406422,:dont-know,:dont-know,:dont-know
17,21,2,0.21488021242476818,false,false,false
17,21,3,0.3487413615973824,:dont-know,:dont-know,:dont-know
17,21,4,0.2897656753654795,false,false,false
17,23,4,0.12607912733078083,false,false,false
17,24,2,0.36841253455880646,false,false,false
17,25,2,0.42529587490295073,false,:dont-know,:dont-know
17,25,4,0.4690513769631049,:dont-know,:dont-know,:dont-know
17,26,3,0.1470857393859162,:dont-know,true,true
17,26,3,0.4416550681336939,:dont-know,:dont-know,:dont-know
17,26,4,0.2632892627729606,false,:dont-know,:dont-know
17,27,2,0.1346740810095702,true,true,true
17,27,3,0.23156911373928932,false,false,false
17,27,4,0.1539948857533506,false,false,false
17,28,2,0.5097180898008796,false,false,false
17,28,3,0.3010842933323184,false,false,false
17,28,3,0.4587432677585855,false,false,false
17,28,4,0.5283196926027557,:dont-know,:dont-know,:dont-know
17,29,2,0.2718711397555555,:dont-know,:dont-know,:dont-know
17,29,3,0.4103333454222031,false,false,false
17,29,4,0.40290096095629213,:dont-know,:dont-know,:dont-know
17,29,4,0.5601794929159228,:dont-know,:dont-know,:dont-know
17,30,2,0.10568333689632355,true,true,true
17,30,2,0.2903071390567405,:dont-know,:dont-know,:dont-know
17,30,2,0.6422829509975149,false,false,false
17,30,3,0.2757214646136719,:dont-know,:dont-know,:dont-know
17,30,4,0.03379367342724141,true,true,true
17,30,4,0.31257887321703276,:dont-know,:dont-know,:dont-know
17,31,3,0.150682224012626,:dont-know,:dont-know,:dont-know
17,31,3,0.21567061879515093,:dont-know,true,true
17,31,4,0.22182895275026981,:dont-know,:dont-know,:dont-know
17,31,4,0.25093611965909773,:dont-know,:dont-know,:dont-know
17,31,4,0.4903294145512362,:dont-know,:dont-know,:dont-know
17,32,2,0.15046852292589538,false,:dont-know,:dont-know
17,32,2,0.3232744804718481,:dont-know,:dont-know,:dont-know
17,32,3,0.49775239813813615,:dont-know,:dont-know,:dont-know
17,32,4,0.3689335809821494,:dont-know,:dont-know,:dont-know
17,32,4,0.4608869031470251,:dont-know,:dont-know,:dont-know
17,33,2,0.1648834568096265,:dont-know,true,true
17,33,2,0.19371620866528472,:dont-know,:dont-know,:dont-know
17,33,2,0.22269554787638132,:dont-know,:dont-know,:dont-know
17,33,2,0.31959560927248115,:dont-know,:dont-know,:dont-know
17,33,4,0.35481457930394766,:dont-know,:dont-know,:dont-know
17,33,4,0.3755156424469783,:dont-know,:dont-know,:dont-know
17,34,2,0.12372243770042601,true,true,true
17,34,2,0.32434541188392424,:dont-know,:dont-know,:dont-know
17,34,3,0.3486784636892164,false,false,false
17,34,4,0.060810758999088534,true,true,true
17,34,4,0.28386498728379,:dont-know,:dont-know,:dont-know
17,35,2,0.41682261953184935,:dont-know,:dont-know,:dont-know
17,35,3,0.22212149370942183,true,true,true
17,35,4,0.060510946827638766,true,true,true
17,35,4,0.4323562150945824,:dont-know,:dont-know,:dont-know
17,36,3,0.4146858925607811,:dont-know,:dont-know,:dont-know
17,36,3,0.44561930143334977,false,false,false
17,36,3,0.5350298937511608,false,false,false
17,36,4,0.30858410699976796,:dont-know,:dont-know,:dont-know
17,37,2,0.19520207042331664,:dont-know,true,true
17,37,3,0.22234395363188794,:dont-know,:dont-know,:dont-know
17,37,3,0.35843283514920854,true,true,true
17,37,3,0.4110125580976942,:dont-know,:dont-know,:dont-know
17,38,2,0.4794144355044508,:dont-know,:dont-know,:dont-know
17,38,3,0.33339199132506536,:dont-know,:dont-know,:dont-know
17,38,4,0.12115462045392637,:dont-know,:dont-know,:dont-know
17,39,2,0.49888914700823445,:dont-know,:dont-know,:dont-know
17,39,2,0.6089106744246001,:dont-know,:dont-know,:dont-know
17,39,3,0.2366664477707331,true,true,true
17,39,3,0.2564883306458134,:dont-know,:dont-know,:dont-know
17,39,4,0.20201328536218166,:dont-know,:dont-know,:dont-know
17,40,2,0.14009702188050702,:dont-know,true,true
17,40,2,0.3898149473349797,:dont-know,:dont-know,:dont-know
17,40,4,0.13745924968792314,true,true,true
17,41,2,0.4232994212835394,:dont-know,true,true
17,41,2,0.4736955089544778,:dont-know,true,true
17,41,2,0.5586297814642882,:dont-know,:dont-know,:dont-know
17,43,3,0.10297470015330108,false,false,false
17,43,3,0.10815627415435584,true,true,true
17,43,4,0.5202118318661049,:dont-know,:dont-know,:dont-know
17,44,3,0.3684903260871122,true,true,true
17,45,4,0.3362452465580228,:dont-know,:dont-know,:dont-know
17,45,4,0.4929658184171178,:dont-know,:dont-know,:dont-know
17,46,4,0.3616746651573508,:dont-know,:dont-know,:dont-know
17,47,2,0.41868771906061997,:dont-know,:dont-know,:dont-know
18,19,2,0.19052479826107596,false,false,false
18,20,4,0.25599099024873956,false,false,false
18,20,4,0.5072253830183031,false,false,false
18,21,2,0.08305001005558026,false,false,false
18,21,2,0.2403617459230366,false,:dont-know,:dont-know
18,22,3,0.2543058455066666,:dont-know,:dont-know,:dont-know
18,22,4,0.12660846633333708,:dont-know,:dont-know,:dont-know
18,22,4,0.290969383754626,:dont-know,:dont-know,:dont-know
18,22,4,0.452012625785622,false,false,false
18,23,2,0.20549527769680717,false,false,false
18,23,3,0.4055090198811231,:dont-know,:dont-know,:dont-know
18,25,2,0.2672666207227884,false,false,false
18,25,3,0.12440892122524605,false,false,false
18,25,4,0.33152851599189553,:dont-know,:dont-know,:dont-know
18,26,3,0.3303258355173626,:dont-know,:dont-know,:dont-know
18,26,3,0.5831256718229617,:dont-know,:dont-know,:dont-know
18,26,4,0.30320778582115787,false,false,false
18,27,2,0.19892875687242104,false,false,false
18,27,3,0.1929945257500024,false,false,false
18,28,2,0.23586537690293255,true,true,true
18,29,4,0.26037580711834046,false,false,false
18,29,4,0.44307080927120523,:dont-know,:dont-know,:dont-know
18,31,3,0.1691470466670407,true,true,true
18,31,3,0.25946421755572446,:dont-know,:dont-know,:dont-know
18,31,4,0.2644179156650471,:dont-know,:dont-know,:dont-know
18,31,4,0.279960058018079,false,false,false
18,32,2,0.12090522057203919,:dont-know,:dont-know,:dont-know
18,32,2,0.21355705474219067,:dont-know,:dont-know,:dont-know
18,32,2,0.5655342457096563,:dont-know,:dont-know,:dont-know
18,32,4,0.14579691688950158,:dont-know,:dont-know,:dont-know
18,32,4,0.46168852460216964,:dont-know,:dont-know,:dont-know
18,33,3,0.3858328368283314,:dont-know,:dont-know,:dont-know
18,33,4,0.27399083982373923,:dont-know,:dont-know,:dont-know
18,34,4,0.33845129748182684,false,false,false
18,34,4,0.3419977546477826,:dont-know,:dont-know,:dont-know
18,35,2,0.2847089502335087,:dont-know,:dont-know,:dont-know
18,36,3,0.3106530243987082,:dont-know,:dont-know,:dont-know
18,36,3,0.356456028911544,:dont-know,:dont-know,:dont-know
18,36,3,0.42204649844853837,:dont-know,:dont-know,:dont-know
18,36,4,0.4039350954461512,:dont-know,:dont-know,:dont-know
18,36,4,0.4608146829442152,:dont-know,:dont-know,:dont-know
18,36,4,0.5905942627234607,:dont-know,:dont-know,:dont-know
18,37,2,0.30859550126654883,false,false,false
18,37,3,0.5169233836332611,:dont-know,:dont-know,:dont-know
18,37,3,0.6272343560218704,false,false,false
18,38,2,0.5131855275557483,:dont-know,:dont-know,:dont-know
18,38,3,0.32070795730192875,:dont-know,:dont-know,:dont-know
18,38,3,0.4792934101454729,true,true,true
18,38,4,0.07375185439170662,false,false,false
18,39,2,0.34277517374269006,:dont-know,:dont-know,:dont-know
18,39,2,0.36221021764566613,:dont-know,true,true
18,39,3,0.270534997340861,true,true,true
18,39,4,0.5725087159651344,:dont-know,:dont-know,:dont-know
18,40,2,0.35050514966448465,:dont-know,true,true
18,40,3,0.2641460411654642,:dont-know,true,true
18,40,4,0.4801712154250339,:dont-know,:dont-know,:dont-know
18,41,2,0.062401126515781856,true,true,true
18,41,2,0.41958510495477935,:dont-know,:dont-know,:dont-know
18,42,2,0.175111953964474,:dont-know,:dont-know,:dont-know
18,42,4,0.18820253173246246,true,true,true
18,42,4,0.4446822496434775,:dont-know,:dont-know,:dont-know
18,42,4,0.48636552008887773,:dont-know,:dont-know,:dont-know
18,43,2,0.10476921728041973,true,true,true
18,43,2,0.22393969795668736,:dont-know,true,true
18,43,2,0.5419715634903616,:dont-know,:dont-know,:dont-know
18,44,2,0.3885350059396499,:dont-know,:dont-know,:dont-know
18,45,2,0.32953469738808555,:dont-know,:dont-know,:dont-know
18,46,3,0.2158170396779537,:dont-know,:dont-know,:dont-know
18,47,3,0.33703264480541123,:dont-know,:dont-know,:dont-know
18,47,4,0.25018096491571423,true,true,true
18,47,4,0.49133025241013123,false,false,false
18,48,4,0.31763409717317853,true,true,true
19,20,2,0.13405713097837246,false,false,false
19,22,3,0.3083843669774714,false,false,false
19,24,3,0.45851675882371784,:dont-know,:dont-know,:dont-know
19,24,4,0.5174462528882787,:dont-know,:dont-know,:dont-know
19,25,3,0.486668052148486,false,false,false
19,25,4,0.3959536306706246,false,false,false
19,28,3,0.25698517012601835,false,false,false
19,28,3,0.35417144163097153,:dont-know,:dont-know,:dont-know
19,28,4,0.4865762972900261,:dont-know,:dont-know,:dont-know
19,29,2,0.34059624733936616,false,false,false
19,30,2,0.5152007310293726,:dont-know,:dont-know,:dont-know
19,30,3,0.3121548794185748,true,true,true
19,30,4,0.19332662930848907,:dont-know,:dont-know,:dont-know
19,30,4,0.5612599403028546,false,false,false
19,31,2,0.28996235134505244,:dont-know,:dont-know,:dont-know
19,31,3,0.193593994608755,false,false,false
19,31,4,0.2477535794959815,false,false,false
19,32,3,0.21317038666502255,:dont-know,:dont-know,:dont-know
19,32,4,0.3216095149425365,:dont-know,:dont-know,:dont-know
19,33,2,0.19317165410126946,:dont-know,:dont-know,:dont-know
19,33,2,0.5631741710744395,false,false,false
19,33,4,0.35542291791134867,:dont-know,:dont-know,:dont-know
19,34,2,0.3188787507823639,:dont-know,:dont-know,:dont-know
19,34,2,0.42123704781502713,:dont-know,:dont-know,:dont-know
19,34,4,0.2160787890907311,false,false,false
19,35,3,0.2285784414979453,false,:dont-know,:dont-know
19,35,4,0.41312036211629266,:dont-know,:dont-know,:dont-know
19,35,4,0.4139493498572455,:dont-know,:dont-know,:dont-know
19,36,2,0.0592496005985785,:dont-know,:dont-know,:dont-know
19,36,2,0.33927495363927784,:dont-know,:dont-know,:dont-know
19,36,2,0.4058644857496707,:dont-know,:dont-know,:dont-know
19,36,3,0.1538469943180557,true,true,true
19,36,4,0.26612697563155135,false,false,false
19,36,4,0.39441646655188317,:dont-know,:dont-know,:dont-know
19,37,2,0.21396196229835004,:dont-know,true,true
19,37,2,0.42112407996152285,:dont-know,:dont-know,:dont-know
19,37,3,0.1619354741300714,:dont-know,:dont-know,:dont-know
19,37,3,0.1986011338928528,:dont-know,:dont-know,:dont-know
19,37,3,0.4166044273732416,:dont-know,:dont-know,:dont-know
19,37,4,0.4388024890435483,:dont-know,:dont-know,:dont-know
19,38,3,0.30995691606014797,:dont-know,:dont-know,:dont-know
19,38,4,0.36756240479930574,:dont-know,:dont-know,:dont-know
19,38,4,0.43002917537164986,:dont-know,true,true
19,39,2,0.3512998466734285,:dont-know,:dont-know,:dont-know
19,39,2,0.4344835359126212,:dont-know,:dont-know,:dont-know
19,39,3,0.33940158281210503,false,false,false
19,39,3,0.4117249711058941,:dont-know,:dont-know,:dont-know
19,39,3,0.6107382187473983,:dont-know,:dont-know,:dont-know
19,39,4,0.2763982950919739,false,false,false
19,40,2,0.3530330588562085,:dont-know,:dont-know,:dont-know
19,40,4,0.29631663735593067,:dont-know,:dont-know,:dont-know
19,41,2,0.15747746666660453,:dont-know,true,true
19,41,3,0.3260506379477805,true,true,true
19,42,2,0.4687831754926782,:dont-know,:dont-know,:dont-know
19,42,3,0.2621195007124606,true,true,true
19,42,4,0.16359096080291402,true,true,true
19,42,4,0.19558305277304344,:dont-know,:dont-know,:dont-know
19,43,3,0.3408348082657498,:dont-know,:dont-know,:dont-know
19,44,3,0.4232153165635071,:dont-know,:dont-know,:dont-know
19,44,3,0.4718927141831586,:dont-know,:dont-know,:dont-know
19,44,4,0.1949460086061365,:dont-know,:dont-know,:dont-know
19,45,2,0.09505862445090185,false,false,false
19,45,2,0.2960001824868029,:dont-know,:dont-know,:dont-know
19,47,4,0.5439962721374422,:dont-know,true,true
19,48,2,0.10558624931255607,true,true,true
19,49,2,0.13099604637852877,true,true,true
19,49,4,0.4014011280951701,:dont-know,:dont-know,:dont-know
19,49,4,0.4363310512080492,:dont-know,:dont-know,:dont-know
19,50,3,0.4474960134193145,:dont-know,:dont-know,:dont-know
19,51,4,0.35218164035250227,:dont-know,:dont-know,:dont-know
19,52,2,0.2775917975609204,true,true,true
2,3,4,0.4030012893450398,false,true,true
20,20,3,0.2956390131015104,false,false,false
20,25,2,0.13687526583354734,false,false,false
20,25,2,0.21480796489116294,:dont-know,:dont-know,:dont-know
20,25,2,0.3315737903344625,:dont-know,:dont-know,:dont-know
20,27,2,0.2108136092173498,:dont-know,:dont-know,:dont-know
20,27,3,0.5363804264549642,false,false,false
20,27,4,0.5017102137079773,false,false,false
20,28,3,0.2794734711149656,:dont-know,:dont-know,:dont-know
20,28,4,0.22186971952642032,:dont-know,:dont-know,:dont-know
20,30,2,0.2320743500502357,:dont-know,:dont-know,:dont-know
20,30,3,0.2554124739122411,:dont-know,:dont-know,:dont-know
20,30,3,0.30398242261063907,false,false,false
20,31,3,0.3258568308032069,:dont-know,:dont-know,:dont-know
20,32,2,0.330251333962072,:dont-know,:dont-know,:dont-know
20,32,3,0.2717363616031689,:dont-know,:dont-know,:dont-know
20,33,2,0.37781532401983126,true,true,true
20,33,3,0.41662512985813144,:dont-know,:dont-know,:dont-know
20,33,3,0.46655538838531946,:dont-know,:dont-know,:dont-know
20,34,2,0.1726858575281025,:dont-know,:dont-know,:dont-know
20,35,2,0.41609866828672676,:dont-know,:dont-know,:dont-know
20,35,4,0.47311937799443377,:dont-know,:dont-know,:dont-know
20,36,2,0.31881179568212353,:dont-know,:dont-know,:dont-know
20,36,4,0.3621716427412385,:dont-know,:dont-know,:dont-know
20,36,4,0.5876189556324082,:dont-know,:dont-know,:dont-know
20,37,2,0.30396497975205383,:dont-know,:dont-know,:dont-know
20,37,2,0.3206420741302644,:dont-know,:dont-know,:dont-know
20,37,3,0.2141496158388164,:dont-know,:dont-know,:dont-know
20,37,3,0.3589641612439039,:dont-know,:dont-know,:dont-know
20,37,3,0.5632518617983815,false,false,false
20,38,3,0.5506975711613554,:dont-know,:dont-know,:dont-know
20,38,3,0.6016231602735441,:dont-know,:dont-know,:dont-know
20,38,4,0.3125965319741308,:dont-know,:dont-know,:dont-know
20,39,2,0.2861015792470442,:dont-know,true,true
20,39,2,0.42052219453407574,:dont-know,:dont-know,:dont-know
20,39,3,0.25295984419797374,false,false,false
20,39,3,0.5662979810352725,:dont-know,:dont-know,:dont-know
20,39,4,0.13115517311064098,true,true,true
20,39,4,0.1926892807491831,true,true,true
20,39,4,0.4581176885321245,:dont-know,:dont-know,:dont-know
20,40,2,0.48052233100841185,:dont-know,:dont-know,:dont-know
20,40,3,0.3446521686138387,:dont-know,:dont-know,:dont-know
20,40,4,0.094967877705963,:dont-know,:dont-know,:dont-know
20,41,2,0.06708492074899641,true,true,true
20,41,2,0.19649467413646807,true,true,true
20,41,2,0.25400472078598463,:dont-know,:dont-know,:dont-know
20,41,2,0.533505862532819,:dont-know,:dont-know,:dont-know
20,41,3,0.32575306803359766,true,true,true
20,41,3,0.581052794854361,:dont-know,:dont-know,:dont-know
20,41,4,0.20129649534397961,:dont-know,:dont-know,:dont-know
20,41,4,0.40517213007369274,:dont-know,:dont-know,:dont-know
20,41,4,0.4412976413329535,:dont-know,:dont-know,:dont-know
20,42,3,0.523002431518322,:dont-know,:dont-know,:dont-know
20,42,3,0.5746481927657566,:dont-know,:dont-know,:dont-know
20,43,2,0.06417506169489424,false,false,false
20,43,2,0.42727405955981396,:dont-know,:dont-know,:dont-know
20,43,2,0.5764132883794528,:dont-know,:dont-know,:dont-know
20,43,4,0.05430577940974812,true,true,true
20,43,4,0.28851658715254763,:dont-know,true,true
20,43,4,0.46285697575264284,:dont-know,:dont-know,:dont-know
20,45,2,0.3845223543436855,:dont-know,:dont-know,:dont-know
20,45,4,0.23856028099478102,true,true,true
20,45,4,0.284375268289116,true,true,true
20,45,4,0.45620361278568966,:dont-know,:dont-know,:dont-know
20,46,3,0.06260239767666058,:dont-know,:dont-know,:dont-know
20,46,3,0.16175596471664355,false,false,false
20,46,3,0.340420675316256,:dont-know,:dont-know,:dont-know
20,46,3,0.4669140190373266,:dont-know,:dont-know,:dont-know
20,46,4,0.23741903381424997,:dont-know,:dont-know,:dont-know
20,47,2,0.4302638683644842,false,false,false
20,47,4,0.22886961235428663,:dont-know,:dont-know,:dont-know
20,48,2,0.22096368489200235,true,true,true
20,48,2,0.5030891640674922,false,false,false
20,48,2,0.6115633926478844,:dont-know,:dont-know,:dont-know
20,48,4,0.1799482515794196,:dont-know,:dont-know,:dont-know
20,48,4,0.34884652379581266,true,true,true
20,49,2,0.06941902940746347,true,true,true
20,49,2,0.2618763506049997,:dont-know,:dont-know,:dont-know
20,49,3,0.31422376245190164,:dont-know,:dont-know,:dont-know
20,50,2,0.3003017520495055,:dont-know,:dont-know,:dont-know
20,50,3,0.26775882679642043,:dont-know,:dont-know,:dont-know
20,51,2,0.47699083217956506,:dont-know,true,true
20,51,3,0.5554855482290534,:dont-know,:dont-know,:dont-know
20,52,3,0.2599230629706499,:dont-know,true,true
20,53,4,0.3579550729614737,true,true,true
20,53,4,0.5216612295852987,:dont-know,:dont-know,:dont-know
20,54,2,0.22028073410752447,:dont-know,:dont-know,:dont-know
20,55,2,0.27637982495336477,:dont-know,:dont-know,:dont-know
21,22,3,0.3588936015879658,false,false,false
21,24,2,0.24940215825349651,:dont-know,:dont-know,:dont-know
21,25,2,0.20194507843084097,false,false,false
21,26,2,0.465229952833226,false,:dont-know,:dont-know
21,26,4,0.5537756510485662,false,false,false
21,29,3,0.09294389764386697,false,false,false
21,29,3,0.3640486505641986,false,false,false
21,29,3,0.3695824927317735,false,false,false
21,29,4,0.1509793022613892,false,false,false
21,30,2,0.3171387941687921,:dont-know,:dont-know,:dont-know
21,30,3,0.2575715863309033,:dont-know,:dont-know,:dont-know
21,30,3,0.31491919305123767,false,:dont-know,:dont-know
21,30,4,0.04543057837362744,:dont-know,:dont-know,:dont-know
21,30,4,0.10836857181627498,:dont-know,:dont-know,:dont-know
21,30,4,0.5482931793192604,:dont-know,:dont-know,:dont-know
21,31,3,0.37525244730117907,:dont-know,:dont-know,:dont-know
21,31,3,0.468412990935624,false,false,false
21,31,4,0.3532920966592456,false,false,false
21,32,3,0.5793127312889007,:dont-know,:dont-know,:dont-know
21,33,2,0.14602433921608501,:dont-know,true,true
21,33,4,0.18913120966981864,:dont-know,:dont-know,:dont-know
21,33,4,0.5435250421807064,:dont-know,:dont-know,:dont-know
21,34,4,0.4209179099936859,false,:dont-know,:dont-know
21,35,3,0.17076365849342914,:dont-know,true,true
21,35,3,0.3817557098452207,:dont-know,:dont-know,:dont-know
21,35,3,0.49616771745000693,false,false,false
21,35,3,0.563194250236952,false,false,false
21,36,4,0.4781044112475517,:dont-know,:dont-know,:dont-know
21,37,4,0.3619007500360585,false,false,false
21,38,2,0.3297919658255451,:dont-know,:dont-know,:dont-know
21,38,3,0.6279962499016523,:dont-know,:dont-know,:dont-know
21,39,2,0.27257470214918555,:dont-know,:dont-know,:dont-know
21,39,2,0.38188021493440916,false,false,false
21,39,4,0.20878010236754996,:dont-know,true,true
21,39,4,0.5149279649031576,:dont-know,:dont-know,:dont-know
21,40,2,0.40220853312510824,:dont-know,:dont-know,:dont-know
21,40,3,0.2856112322169279,false,false,false
21,40,3,0.45383908645173654,:dont-know,:dont-know,:dont-know
21,41,2,0.5407682958855323,:dont-know,:dont-know,:dont-know
21,41,3,0.3071059964031771,:dont-know,:dont-know,:dont-know
21,41,3,0.3940123305295164,:dont-know,:dont-know,:dont-know
21,41,4,0.26230315103620505,:dont-know,true,true
21,43,2,0.12961073508819107,false,false,false
21,44,2,0.3157567868787945,:dont-know,:dont-know,:dont-know
21,44,3,0.2773097221883308,:dont-know,:dont-know,:dont-know
21,44,3,0.4180549676806691,false,false,false
21,45,4,0.3620914653387093,:dont-know,:dont-know,:dont-know
21,45,4,0.38336064938767517,:dont-know,:dont-know,:dont-know
21,46,2,0.35631059145280325,:dont-know,:dont-know,:dont-know
21,46,3,0.23560078201228885,:dont-know,:dont-know,:dont-know
21,47,2,0.5325332663347434,:dont-know,:dont-know,:dont-know
21,47,2,0.5800817545942861,:dont-know,:dont-know,:dont-know
21,47,4,0.42927156724888077,false,false,false
21,48,2,0.33249146415323844,:dont-know,:dont-know,:dont-know
21,48,3,0.4656389374774233,:dont-know,:dont-know,:dont-know
21,48,3,0.49194524451492194,:dont-know,:dont-know,:dont-know
21,49,3,0.4290429246238894,:dont-know,:dont-know,:dont-know
21,49,4,0.1888136967533521,false,false,false
21,50,3,0.3736674999109149,:dont-know,:dont-know,:dont-know
21,50,4,0.5157412407307067,:dont-know,:dont-know,:dont-know
21,51,4,0.3968949979212035,true,true,true
21,52,2,0.16811843864989942,true,true,true
21,52,2,0.29172681711865844,true,true,true
21,52,2,0.5525242909501676,:dont-know,:dont-know,:dont-know
21,52,4,0.3151488939781462,:dont-know,true,true
21,54,2,0.35154392554603814,:dont-know,:dont-know,:dont-know
21,54,4,0.3637791428923507,:dont-know,:dont-know,:dont-know
21,55,2,0.10615566912613732,true,true,true
21,55,4,0.21575675212397946,true,true,true
21,55,4,0.264426584069349,:dont-know,true,true
21,55,4,0.3342108760595955,:dont-know,:dont-know,:dont-know
21,56,3,0.08628914163601094,true,true,true
21,57,4,0.29031332983588803,true,true,true
21,59,3,0.31273037049580393,:dont-know,:dont-know,:dont-know
21,59,4,0.39903141153210675,:dont-know,:dont-know,:dont-know
22,23,4,0.37168724348707216,false,false,false
22,30,2,0.06458706509662593,:dont-know,:dont-know,:dont-know
22,32,2,0.38908562591024304,:dont-know,:dont-know,:dont-know
22,34,3,0.34929907642677066,:dont-know,:dont-know,:dont-know
22,34,4,0.368174124272592,false,:dont-know,:dont-know
22,36,4,0.21220681713891845,:dont-know,:dont-know,:dont-know
22,36,4,0.32634110148406525,:dont-know,:dont-know,:dont-know
22,37,2,0.5017991764882815,:dont-know,:dont-know,:dont-know
22,37,3,0.09816913448028726,false,false,false
22,37,3,0.3316756123348817,true,true,true
22,38,2,0.4655039163158914,:dont-know,:dont-know,:dont-know
22,38,3,0.5552673109651688,:dont-know,:dont-know,:dont-know
22,39,3,0.30326612216087523,:dont-know,:dont-know,:dont-know
22,40,4,0.21078130247677695,:dont-know,true,true
22,41,4,0.21878223723457665,:dont-know,:dont-know,:dont-know
22,43,2,0.22256604796588175,false,false,false
22,43,2,0.41292294009363983,:dont-know,:dont-know,:dont-know
22,43,3,0.15494715329439987,false,:dont-know,:dont-know
22,43,4,0.4367809271358707,:dont-know,:dont-know,:dont-know
22,43,4,0.46093542115630326,:dont-know,:dont-know,:dont-know
22,44,2,0.46899309173608755,:dont-know,:dont-know,:dont-know
22,44,3,0.38815579452836707,:dont-know,:dont-know,:dont-know
22,44,4,0.31096451107661155,true,true,true
22,45,4,0.3241107946733714,:dont-know,:dont-know,:dont-know
22,45,4,0.4548435882056238,false,false,false
22,45,4,0.6614739717806365,:dont-know,:dont-know,:dont-know
22,46,4,0.5872404230602853,:dont-know,:dont-know,:dont-know
22,47,2,0.12673364988466895,true,true,true
22,47,3,0.09862055816007505,:dont-know,:dont-know,:dont-know
22,47,3,0.3296228254810296,:dont-know,:dont-know,:dont-know
22,47,4,0.3449834092200497,:dont-know,true,true
22,47,4,0.5307919739572187,:dont-know,:dont-know,:dont-know
22,50,2,0.3369925507233987,:dont-know,:dont-know,:dont-know
22,50,2,0.38030560896434307,:dont-know,:dont-know,:dont-know
22,50,3,0.5524925073878718,:dont-know,:dont-know,:dont-know
22,50,4,0.18697990128404748,:dont-know,true,true
22,51,4,0.2741264738948988,:dont-know,true,true
22,51,4,0.2760299526745821,:dont-know,:dont-know,:dont-know
22,54,2,0.3687711393932637,:dont-know,:dont-know,:dont-know
22,55,3,0.2865156677422637,:dont-know,:dont-know,:dont-know
22,55,3,0.41556410237523433,:dont-know,:dont-know,:dont-know
22,56,2,0.32048031162136015,:dont-know,:dont-know,:dont-know
22,56,4,0.5289239793864783,:dont-know,:dont-know,:dont-know
22,57,2,0.2880778941459046,:dont-know,true,true
22,57,4,0.49236029073751575,true,true,true
22,58,2,0.12094718893011673,true,true,true
23,24,3,0.37315687947252235,false,false,false
23,26,3,0.15594283335774328,false,false,false
23,28,3,0.07638586983898639,false,false,false
23,28,3,0.12427671182107247,false,false,false
23,28,4,0.3374665376941928,false,:dont-know,:dont-know
23,30,2,0.32423503780659296,false,false,false
23,31,2,0.40966582550137237,false,false,false
23,34,3,0.2913744385413022,false,false,false
23,36,4,0.48432873232593304,:dont-know,:dont-know,:dont-know
23,37,2,0.33655152210397343,false,false,false
23,37,4,0.2797070146290327,false,false,false
23,38,3,0.36518719994926235,:dont-know,:dont-know,:dont-know
23,39,4,0.5596721873812595,false,false,false
23,40,2,0.21309961896688404,:dont-know,:dont-know,:dont-know
23,40,2,0.41526905380636164,:dont-know,:dont-know,:dont-know
23,40,3,0.32099425143778165,:dont-know,:dont-know,:dont-know
23,40,4,0.404028740627332,:dont-know,true,true
23,41,2,0.17330650055501298,:dont-know,:dont-know,:dont-know
23,41,3,0.407477859345098,:dont-know,:dont-know,:dont-know
23,42,2,0.12995523915202803,:dont-know,:dont-know,:dont-know
23,42,2,0.3191920995843453,:dont-know,:dont-know,:dont-know
23,42,4,0.2384027678631617,:dont-know,:dont-know,:dont-know
23,42,4,0.4448137220038695,:dont-know,:dont-know,:dont-know
23,44,2,0.1675141182125824,false,false,false
23,44,2,0.26308539591165064,:dont-know,:dont-know,:dont-know
23,44,2,0.32555915787000117,false,false,false
23,44,2,0.4241476982183139,:dont-know,:dont-know,:dont-know
23,44,3,0.2504176736985622,:dont-know,:dont-know,:dont-know
23,45,3,0.19110938415353648,false,false,false
23,45,3,0.25815267205382064,:dont-know,:dont-know,:dont-know
23,46,2,0.2592027001375321,:dont-know,:dont-know,:dont-know
23,46,3,0.288660789402403,:dont-know,:dont-know,:dont-know
23,47,2,0.24848187013341141,:dont-know,:dont-know,:dont-know
23,47,3,0.43216121383092726,:dont-know,:dont-know,:dont-know
23,47,3,0.5249276885758504,:dont-know,:dont-know,:dont-know
23,48,3,0.20965072841522092,true,true,true
23,49,2,0.4276740652770681,:dont-know,:dont-know,:dont-know
23,49,4,0.504757111227824,:dont-know,:dont-know,:dont-know
23,50,4,0.5092068725871717,:dont-know,:dont-know,:dont-know
23,51,2,0.0897401445414352,true,true,true
23,51,2,0.1827080120827588,:dont-know,:dont-know,:dont-know
23,51,2,0.33859959028352477,true,true,true
23,51,2,0.3766527454752618,:dont-know,:dont-know,:dont-know
23,51,3,0.4733677467370243,:dont-know,:dont-know,:dont-know
23,51,4,0.37302058497008983,:dont-know,:dont-know,:dont-know
23,52,2,0.42423166098476145,true,true,true
23,53,4,0.1884364651553074,:dont-know,true,true
23,53,4,0.23494176917330323,true,true,true
23,54,2,0.3343692304639914,:dont-know,:dont-know,:dont-know
23,54,4,0.23364230871333969,:dont-know,:dont-know,:dont-know
23,55,4,0.4437696074484813,:dont-know,:dont-know,:dont-know
23,56,3,0.3398316953730654,true,true,true
23,56,3,0.3437713248694895,:dont-know,:dont-know,:dont-know
23,56,4,0.43639597136811736,:dont-know,:dont-know,:dont-know
23,57,3,0.3848669684812844,:dont-know,true,true
23,58,2,0.15679046767330432,true,true,true
23,58,2,0.3292862359975492,true,true,true
23,59,2,0.08654283513125571,true,true,true
23,60,2,0.14513476644536194,true,true,true
24,24,3,0.4525967775826694,false,false,false
24,28,3,0.5535624690098692,false,:dont-know,:dont-know
24,29,4,0.3517826707539357,false,false,false
24,31,2,0.39864780389962706,:dont-know,:dont-know,:dont-know
24,31,4,0.28962347558283996,false,false,false
24,33,3,0.18804411672632318,false,false,false
24,35,2,0.06734580489801927,:dont-know,:dont-know,:dont-know
24,35,4,0.22243293458756064,:dont-know,:dont-know,:dont-know
24,36,3,0.4009120135425497,:dont-know,:dont-know,:dont-know
24,40,4,0.11535368325257696,:dont-know,:dont-know,:dont-know
24,41,4,0.5383678575371641,:dont-know,:dont-know,:dont-know
24,42,2,0.1448718356975397,:dont-know,:dont-know,:dont-know
24,42,3,0.38992266357713934,:dont-know,:dont-know,:dont-know
24,42,4,0.5796657816338625,:dont-know,:dont-know,:dont-know
24,44,2,0.26546474679639764,:dont-know,:dont-know,:dont-know
24,45,2,0.24944931737959797,:dont-know,:dont-know,:dont-know
24,45,2,0.4531560247966186,:dont-know,:dont-know,:dont-know
24,45,3,0.40857671088461495,:dont-know,:dont-know,:dont-know
24,45,3,0.5499164359349019,false,false,false
24,46,2,0.5293405857711765,:dont-know,:dont-know,:dont-know
24,46,2,0.6360300091174856,:dont-know,:dont-know,:dont-know
24,46,3,0.09513500594025275,:dont-know,:dont-know,:dont-know
24,46,3,0.46688718531648266,:dont-know,:dont-know,:dont-know
24,46,3,0.5623138311391388,:dont-know,:dont-know,:dont-know
24,46,4,0.3771488887678324,:dont-know,:dont-know,:dont-know
24,47,2,0.1976355773557357,:dont-know,:dont-know,:dont-know
24,48,4,0.3869218255618288,:dont-know,:dont-know,:dont-know
24,49,2,0.07216319131512139,:dont-know,:dont-know,:dont-know
24,49,4,0.26244882256197877,:dont-know,true,true
24,49,4,0.4496983864435671,:dont-know,:dont-know,:dont-know
24,50,2,0.31324702475766336,:dont-know,:dont-know,:dont-know
24,50,2,0.5599747534365408,false,false,false
24,50,3,0.3227801357015369,:dont-know,:dont-know,:dont-know
24,51,2,0.3959167274012055,:dont-know,:dont-know,:dont-know
24,51,4,0.1918432089125797,:dont-know,:dont-know,:dont-know
24,52,2,0.5706658008245857,:dont-know,:dont-know,:dont-know
24,53,4,0.3669862510563817,:dont-know,:dont-know,:dont-know
24,55,2,0.3564105504822102,:dont-know,:dont-know,:dont-know
24,55,2,0.49983710908654794,:dont-know,:dont-know,:dont-know
24,55,4,0.31847231739019327,:dont-know,true,true
24,56,2,0.258629835263757,:dont-know,:dont-know,:dont-know
24,57,2,0.2345079355666324,true,true,true
24,57,2,0.4224059575298062,:dont-know,:dont-know,:dont-know
24,57,4,0.24402365015508756,:dont-know,:dont-know,:dont-know
24,58,3,0.34137256091368,:dont-know,:dont-know,:dont-know
24,59,4,0.21068773410565153,true,true,true
24,61,2,0.05607508104063493,true,true,true
24,61,2,0.3907418406200054,:dont-know,:dont-know,:dont-know
24,63,2,0.22699992953565337,:dont-know,:dont-know,:dont-know
24,63,4,0.4314886903491238,:dont-know,:dont-know,:dont-know
24,65,3,0.3757986090174514,:dont-know,:dont-know,:dont-know
24,66,2,0.2994633778971565,:dont-know,:dont-know,:dont-know
24,66,3,0.2262416238015784,true,true,true
24,67,2,0.3075583026388034,:dont-know,true,true
25,32,4,0.1751853045723257,false,false,false
25,35,4,0.04807247869551164,true,true,true
25,37,2,0.3717405542913619,false,:dont-know,:dont-know
25,37,4,0.2803029468553228,:dont-know,:dont-know,:dont-know
25,40,3,0.13306211483651434,:dont-know,:dont-know,:dont-know
25,40,3,0.5827149893862796,false,:dont-know,:dont-know
25,41,2,0.31784541749039724,:dont-know,:dont-know,:dont-know
25,41,3,0.5710673469387786,false,false,false
25,42,2,0.22285589801884917,:dont-know,:dont-know,:dont-know
25,42,4,0.19022694784400132,:dont-know,true,true
25,44,2,0.35290333360655085,:dont-know,:dont-know,:dont-know
25,44,3,0.5920681905683706,:dont-know,:dont-know,:dont-know
25,45,2,0.35145413458220937,:dont-know,:dont-know,:dont-know
25,45,2,0.36784190442416326,:dont-know,:dont-know,:dont-know
25,45,2,0.5427650453485962,:dont-know,:dont-know,:dont-know
25,45,4,0.43007096001430495,:dont-know,:dont-know,:dont-know
25,47,3,0.28638787983120645,:dont-know,:dont-know,:dont-know
25,47,3,0.2996131944972196,:dont-know,:dont-know,:dont-know
25,47,3,0.3809061704306445,:dont-know,:dont-know,:dont-know
25,47,4,0.14908479734279756,true,true,true
25,48,4,0.46731769242638777,:dont-know,:dont-know,:dont-know
25,49,2,0.46933919025384174,:dont-know,:dont-know,:dont-know
25,49,3,0.16991352124712708,true,true,true
25,49,3,0.19530326640096538,true,true,true
25,49,3,0.45539239831478123,false,:dont-know,:dont-know
25,50,3,0.18671224245187304,true,true,true
25,50,3,0.48083326274510824,:dont-know,:dont-know,:dont-know
25,50,4,0.29770757326661607,true,true,true
25,51,4,0.23656827551432044,:dont-know,:dont-know,:dont-know
25,52,4,0.3609059483838406,:dont-know,:dont-know,:dont-know
25,54,4,0.22394329862292897,true,true,true
25,54,4,0.23579875391252617,true,true,true
25,55,4,0.4649163218120131,:dont-know,:dont-know,:dont-know
25,56,3,0.3060655978506992,true,true,true
25,56,3,0.42596636026165197,:dont-know,:dont-know,:dont-know
25,60,3,0.30106795270618064,true,true,true
25,61,3,0.22836137530648817,false,false,false
25,63,2,0.3665477442530842,:dont-know,:dont-know,:dont-know
26,33,3,0.3455242099814588,false,false,false
26,33,4,0.38432772548752614,false,false,false
26,35,4,0.5367172263918243,:dont-know,:dont-know,:dont-know
26,38,4,0.25743771704690727,:dont-know,:dont-know,:dont-know
26,40,4,0.25337008833766267,false,false,false
26,40,4,0.37258041390721214,:dont-know,:dont-know,:dont-know
26,42,2,0.34358923480780196,:dont-know,:dont-know,:dont-know
26,42,3,0.1965690968134307,:dont-know,:dont-know,:dont-know
26,42,3,0.2713931664185525,false,false,false
26,45,3,0.3458843664517441,:dont-know,:dont-know,:dont-know
26,46,2,0.4502843317009344,:dont-know,:dont-know,:dont-know
26,46,2,0.5069227641608257,false,false,false
26,47,2,0.23100631689020656,false,false,false
26,48,2,0.27530700284062515,false,false,false
26,49,2,0.2836270876254832,:dont-know,:dont-know,:dont-know
26,49,4,0.4436161849529783,:dont-know,:dont-know,:dont-know
26,50,2,0.21184497015373235,false,false,false
26,50,3,0.45379521585087534,:dont-know,:dont-know,:dont-know
26,52,2,0.261669752385352,:dont-know,:dont-know,:dont-know
26,52,2,0.27981523026462873,:dont-know,:dont-know,:dont-know
26,52,3,0.12906711322018505,:dont-know,true,true
26,52,4,0.4442505415581321,:dont-know,:dont-know,:dont-know
26,53,2,0.4846204630602782,:dont-know,:dont-know,:dont-know
26,54,2,0.3239874320383911,:dont-know,true,true
26,54,3,0.2936455226352837,:dont-know,:dont-know,:dont-know
26,54,4,0.4710339072983054,:dont-know,:dont-know,:dont-know
26,56,3,0.2772724751737294,true,true,true
26,60,3,0.3359489775189526,:dont-know,true,true
26,64,2,0.2698454520791657,:dont-know,:dont-know,:dont-know
26,66,2,0.5589640402656416,:dont-know,:dont-know,:dont-know
26,69,4,0.0830266247583517,true,true,true
26,69,4,0.3437580031832841,:dont-know,true,true
26,70,3,0.10282247661043416,:dont-know,true,true
26,72,2,0.28662745741893364,true,true,true
27,32,2,0.22629703902068354,false,false,false
27,39,3,0.2649947144719222,:dont-know,:dont-know,:dont-know
27,41,2,0.38270330441499767,:dont-know,:dont-know,:dont-know
27,43,4,0.03322479336626397,true,true,true
27,46,2,0.31673737948562597,false,false,false
27,46,2,0.3647025284142167,:dont-know,:dont-know,:dont-know
27,46,4,0.019882582334123173,false,false,false
27,47,2,0.1954506181897608,:dont-know,true,true
27,50,2,0.3187955732485117,:dont-know,:dont-know,:dont-know
27,50,3,0.5626491558213654,:dont-know,:dont-know,:dont-know
27,51,2,0.1804626804342452,true,true,true
27,51,3,0.2513239058947629,:dont-know,:dont-know,:dont-know
27,52,2,0.509268898756955,:dont-know,:dont-know,:dont-know
27,52,4,0.1045552575223045,true,true,true
27,55,2,0.30203746160501266,:dont-know,:dont-know,:dont-know
27,56,2,0.4025891716674647,:dont-know,:dont-know,:dont-know
27,57,3,0.12346008709199545,:dont-know,:dont-know,:dont-know
27,59,4,0.19991933642360402,:dont-know,true,true
27,60,4,0.26065574581296835,:dont-know,:dont-know,:dont-know
27,62,2,0.152748394100534,:dont-know,:dont-know,:dont-know
27,64,4,0.5613461320131647,:dont-know,:dont-know,:dont-know
27,66,4,0.09044420488546456,true,true,true
27,67,3,0.1736263025785361,:dont-know,:dont-know,:dont-know
27,67,4,0.09238752197768259,true,true,true
27,68,2,0.5442451378189713,:dont-know,:dont-know,:dont-know
27,68,3,0.3814618466962553,true,true,true
27,70,2,0.35897430950041814,true,true,true
27,72,3,0.2215654959886831,:dont-know,:dont-know,:dont-know
27,73,3,0.27158824548534644,true,true,true
27,76,4,0.2566831624013949,:dont-know,:dont-know,:dont-know
28,32,3,0.26651462987920327,false,false,false
28,37,4,0.24743473136735852,false,false,false
28,38,4,0.30339213366359985,:dont-know,:dont-know,:dont-know
28,39,3,0.586434820238977,false,false,false
28,40,2,0.2374762961398695,false,false,false
28,40,2,0.45600793765021813,false,:dont-know,:dont-know
28,42,3,0.3080443751312422,:dont-know,:dont-know,:dont-know
28,43,2,0.3889291840448497,:dont-know,:dont-know,:dont-know
28,48,3,0.3254436539370338,:dont-know,:dont-know,:dont-know
28,49,2,0.21998643476870972,:dont-know,:dont-know,:dont-know
28,49,3,0.29964264504651444,true,true,true
28,50,2,0.4110882691371029,false,false,false
28,50,2,0.4896960354684408,:dont-know,:dont-know,:dont-know
28,51,4,0.44751297257018097,:dont-know,:dont-know,:dont-know
28,52,2,0.3243521456440384,false,false,false
28,52,4,0.36383030376118713,:dont-know,true,true
28,53,4,0.4036631247275302,:dont-know,:dont-know,:dont-know
28,54,4,0.45519276773497214,:dont-know,:dont-know,:dont-know
28,55,4,0.4117424998532661,:dont-know,:dont-know,:dont-know
28,57,2,0.47388625652551836,:dont-know,:dont-know,:dont-know
28,57,4,0.2398643284669798,false,false,false
28,58,2,0.08093572534273134,true,true,true
28,58,3,0.5395181652378508,:dont-know,:dont-know,:dont-know
28,58,4,0.5645285041982512,:dont-know,:dont-know,:dont-know
28,59,4,0.3793024071036369,:dont-know,:dont-know,:dont-know
28,60,3,0.26140662826558286,:dont-know,true,true
28,60,4,0.06672899955175726,true,true,true
28,60,4,0.3709635807143226,:dont-know,:dont-know,:dont-know
28,60,4,0.4531672624025367,:dont-know,:dont-know,:dont-know
28,61,2,0.2917665094646722,:dont-know,:dont-know,:dont-know
28,61,4,0.3381545090452908,:dont-know,:dont-know,:dont-know
28,62,4,0.5710264777440005,:dont-know,:dont-know,:dont-know
28,64,2,0.33328463472196784,true,true,true
28,66,4,0.1325790324391893,:dont-know,:dont-know,:dont-know
28,67,2,0.1843796406616549,:dont-know,:dont-know,:dont-know
28,67,4,0.41473903253448424,:dont-know,:dont-know,:dont-know
28,67,4,0.45253165102971105,:dont-know,:dont-know,:dont-know
28,69,2,0.1484903404384349,:dont-know,:dont-know,:dont-know
28,69,3,0.32249079159800237,:dont-know,:dont-know,:dont-know
28,69,4,0.11683686785645842,:dont-know,:dont-know,:dont-know
28,72,3,0.26161748404127255,true,true,true
28,72,3,0.41649366533516624,:dont-know,:dont-know,:dont-know
28,72,3,0.4979065123305606,:dont-know,:dont-know,:dont-know
28,72,4,0.2064945319577435,true,true,true
28,74,4,0.37953288880887676,:dont-know,:dont-know,:dont-know
28,75,3,0.22050765355891097,true,true,true
29,35,4,0.3642131295773933,false,false,false
29,42,2,0.3653648099835918,false,false,false
29,45,4,0.5391815355771375,:dont-know,:dont-know,:dont-know
29,47,4,0.17060994882403716,:dont-know,:dont-know,:dont-know
29,49,4,0.5614573661374839,true,true,true
29,50,4,0.23858258611490865,:dont-know,:dont-know,:dont-know
29,52,3,0.1943313224464351,:dont-know,:dont-know,:dont-know
29,53,3,0.09799816112790231,true,true,true
29,55,2,0.26782975814896776,:dont-know,:dont-know,:dont-know
29,55,3,0.46418366029296987,:dont-know,:dont-know,:dont-know
29,56,2,0.1547979245670427,true,true,true
29,57,2,0.22670387839461636,:dont-know,:dont-know,:dont-know
29,59,4,0.18429895660016815,true,true,true
29,61,2,0.44091233340995944,:dont-know,:dont-know,:dont-know
29,61,4,0.3372781480353007,:dont-know,:dont-know,:dont-know
29,62,4,0.5008362277220387,:dont-know,:dont-know,:dont-know
29,63,2,0.2947973773240233,:dont-know,:dont-know,:dont-know
29,63,2,0.4456006946474124,false,false,false
29,65,4,0.41166017781489367,:dont-know,:dont-know,:dont-know
29,71,2,0.3050970638520781,true,true,true
29,74,3,0.5597585008834081,:dont-know,:dont-know,:dont-know
29,75,3,0.39767449636871327,true,true,true
29,76,4,0.3498808979311687,true,true,true
29,79,2,0.3165632759472266,:dont-know,:dont-know,:dont-know
3,3,4,0.3636307748747292,false,false,false
3,6,2,0.6012570739628083,true,true,true
3,6,4,0.49347863103283157,:dont-know,:dont-know,:dont-know
30,34,2,0.16625816140629604,false,false,false
30,34,4,0.23670070814199984,false,false,false
30,37,2,0.4846144963329501,false,false,false
30,38,3,0.5061999285929011,false,false,false
30,48,4,0.2586592077345174,false,false,false
30,50,3,0.087960220924304,false,false,false
30,52,4,0.39623734838345187,false,false,false
30,54,3,0.022073805039383127,true,true,true
30,54,4,0.10465562451295973,true,true,true
30,54,4,0.18815334907621425,:dont-know,:dont-know,:dont-know
30,57,4,0.6135440225462291,:dont-know,:dont-know,:dont-know
30,58,2,0.09269516480914634,true,true,true
30,58,2,0.3403869443117744,:dont-know,:dont-know,:dont-know
30,58,3,0.24758455464842943,:dont-know,:dont-know,:dont-know
30,58,4,0.3294990132416051,:dont-know,:dont-know,:dont-know
30,60,4,0.5458626263064127,:dont-know,:dont-know,:dont-know
30,61,4,0.5011981816264678,:dont-know,:dont-know,:dont-know
30,63,4,0.12629702236121396,true,true,true
30,65,2,0.28958831056117856,:dont-know,:dont-know,:dont-know
30,65,3,0.4809812267943327,:dont-know,:dont-know,:dont-know
30,66,4,0.5051760859533622,:dont-know,:dont-know,:dont-know
30,71,2,0.13576116156938098,:dont-know,:dont-know,:dont-know
30,71,2,0.30617715811528123,:dont-know,:dont-know,:dont-know
30,72,2,0.33679858211750674,:dont-know,:dont-know,:dont-know
30,72,3,0.26814381616219435,true,true,true
30,73,3,0.35326563448447484,true,true,true
30,79,3,0.264775347208178,:dont-know,:dont-know,:dont-know
31,35,2,0.5079561707000338,false,false,false
31,48,4,0.400832276808645,:dont-know,:dont-know,:dont-know
31,49,2,0.30937194266159046,:dont-know,:dont-know,:dont-know
31,49,3,0.18346118053740715,:dont-know,:dont-know,:dont-know
31,50,2,0.5496662805723619,:dont-know,:dont-know,:dont-know
31,52,3,0.2315482966799759,false,false,false
31,54,4,0.3438256047191353,:dont-know,:dont-know,:dont-know
31,56,2,0.39801115218190425,:dont-know,:dont-know,:dont-know
31,56,2,0.45757682913606823,:dont-know,true,true
31,57,2,0.2486404806841416,:dont-know,:dont-know,:dont-know
31,58,2,0.28188866387228456,:dont-know,true,true
31,61,4,0.5177150229650221,:dont-know,:dont-know,:dont-know
31,63,2,0.5098734262956749,:dont-know,:dont-know,:dont-know
31,66,2,0.5692228717452338,:dont-know,:dont-know,:dont-know
31,66,4,0.18033983577759485,:dont-know,:dont-know,:dont-know
31,68,3,0.17587344974472882,:dont-know,:dont-know,:dont-know
31,69,2,0.43198988860249604,:dont-know,:dont-know,:dont-know
31,70,4,0.27066613991577243,:dont-know,:dont-know,:dont-know
31,70,4,0.398866817417083,:dont-know,:dont-know,:dont-know
31,71,2,0.5508092681365545,:dont-know,:dont-know,:dont-know
31,72,4,0.40493672196654185,:dont-know,:dont-know,:dont-know
31,78,2,0.6184078813974154,:dont-know,:dont-know,:dont-know
31,78,4,0.38029779945911324,:dont-know,true,true
31,79,4,0.3190750873028337,:dont-know,true,true
31,84,3,0.2929284872142091,:dont-know,:dont-know,:dont-know
31,88,3,0.3591826986476414,:dont-know,:dont-know,:dont-know
31,89,4,0.10865832051707273,true,true,true
32,41,2,0.23551356039253538,false,false,false
32,41,3,0.47759456279834156,:dont-know,:dont-know,:dont-know
32,43,4,0.28144645385744677,false,false,false
32,44,4,0.5966059887665563,false,:dont-know,:dont-know
32,47,3,0.3512539202772234,:dont-know,:dont-know,:dont-know
32,47,4,0.25451841673380665,false,false,false
32,48,3,0.2857324902883854,:dont-know,:dont-know,:dont-know
32,51,2,0.42037522334124544,false,false,false
32,57,3,0.348864312948798,:dont-know,:dont-know,:dont-know
32,60,4,0.3221262172031239,true,true,true
32,61,4,0.351401377378806,:dont-know,:dont-know,:dont-know
32,62,2,0.4465398291257725,:dont-know,:dont-know,:dont-know
32,62,4,0.40044957562025285,:dont-know,:dont-know,:dont-know
32,64,2,0.463702921736207,:dont-know,:dont-know,:dont-know
32,66,2,0.351704001854327,:dont-know,:dont-know,:dont-know
32,67,3,0.3236751247890072,:dont-know,:dont-know,:dont-know
32,68,3,0.37250840475581065,:dont-know,:dont-know,:dont-know
32,68,4,0.43572530662520054,true,true,true
32,70,4,0.5772077615658754,:dont-know,:dont-know,:dont-know
32,71,3,0.2720569482603351,:dont-know,:dont-know,:dont-know
32,75,4,0.3739134838450237,:dont-know,:dont-know,:dont-know
32,77,2,0.3691880562493924,:dont-know,:dont-know,:dont-know
32,77,3,0.44070527224264416,:dont-know,:dont-know,:dont-know
32,81,4,0.1968800752870373,true,true,true
32,84,3,0.5694945286169916,:dont-know,:dont-know,:dont-know
33,36,4,0.14140123867483,false,false,false
33,36,4,0.2796330022978957,false,false,false
33,42,2,0.4854447556326163,false,:dont-know,:dont-know
33,51,2,0.41156308036734507,:dont-know,:dont-know,:dont-know
33,53,4,0.34173613079694737,:dont-know,:dont-know,:dont-know
33,55,4,0.21923710894731854,:dont-know,:dont-know,:dont-know
33,56,3,0.23425926979639422,:dont-know,:dont-know,:dont-know
33,57,4,0.4487238286061362,:dont-know,:dont-know,:dont-know
33,58,4,0.28941882755455894,false,false,false
33,60,2,0.28829428249995576,:dont-know,:dont-know,:dont-know
33,60,3,0.13262465086450334,false,false,false
33,61,2,0.24332610290411893,:dont-know,:dont-know,:dont-know
33,61,3,0.2251729261705264,:dont-know,:dont-know,:dont-know
33,63,2,0.27731415905777124,:dont-know,:dont-know,:dont-know
33,65,2,0.14891749182303826,:dont-know,true,true
33,65,3,0.33260321944148064,:dont-know,:dont-know,:dont-know
33,65,4,0.3277978253480404,:dont-know,:dont-know,:dont-know
33,66,3,0.533682835122835,:dont-know,:dont-know,:dont-know
33,67,4,0.5329819494374968,:dont-know,:dont-know,:dont-know
33,68,3,0.2894850495123224,:dont-know,:dont-know,:dont-know
33,68,3,0.34236402061686677,false,false,false
33,68,4,0.5685987006617673,:dont-know,:dont-know,:dont-know
33,69,2,0.14365893681446398,true,true,true
33,69,2,0.5187053153981728,:dont-know,:dont-know,:dont-know
33,69,4,0.12283575234559141,true,true,true
33,69,4,0.31067657625076606,:dont-know,:dont-know,:dont-know
33,75,3,0.15407611092026471,true,true,true
33,77,4,0.34743604750246887,:dont-know,:dont-know,:dont-know
33,81,4,0.3687246235159994,:dont-know,:dont-know,:dont-know
33,84,4,0.3435817678158635,:dont-know,:dont-know,:dont-know
33,85,4,0.30124577212784337,true,true,true
33,88,3,0.31432921458740154,:dont-know,:dont-know,:dont-know
33,89,3,0.2533178702351006,true,true,true
34,50,2,0.11048183264945725,false,false,false
34,52,2,0.22961572669477812,:dont-know,:dont-know,:dont-know
34,52,2,0.28728446717033196,false,false,false
34,52,2,0.4340312394067192,false,:dont-know,:dont-know
34,54,3,0.24739415283667487,:dont-know,:dont-know,:dont-know
34,54,3,0.5976434906721733,:dont-know,:dont-know,:dont-know
34,56,2,0.37893677784276897,false,false,false
34,57,2,0.48679023960708906,:dont-know,:dont-know,:dont-know
34,64,3,0.4391588997999823,:dont-know,:dont-know,:dont-know
34,64,4,0.2897647810132391,true,true,true
34,70,4,0.3114036519702801,:dont-know,:dont-know,:dont-know
34,70,4,0.3149329182773628,:dont-know,:dont-know,:dont-know
34,72,3,0.3508015860508589,:dont-know,:dont-know,:dont-know
34,73,3,0.45808249732070766,:dont-know,:dont-know,:dont-know
34,75,2,0.49197288401645184,:dont-know,:dont-know,:dont-know
34,76,2,0.11062109143655836,:dont-know,:dont-know,:dont-know
34,78,3,0.4688886059539432,:dont-know,:dont-know,:dont-know
34,78,4,0.4096463826639476,:dont-know,:dont-know,:dont-know
34,82,4,0.2816950512161457,true,true,true
34,83,2,0.5079831076048248,:dont-know,:dont-know,:dont-know
34,87,4,0.3852798758796392,true,true,true
34,87,4,0.40559055050951837,:dont-know,:dont-know,:dont-know
34,92,2,0.2225141913779761,true,true,true
34,93,3,0.3741090148811903,true,true,true
34,93,4,0.30164202874721446,:dont-know,:dont-know,:dont-know
34,96,3,0.2281412089085658,true,true,true
35,46,2,0.2831623486809046,:dont-know,:dont-know,:dont-know
35,47,4,0.44643891299801436,:dont-know,:dont-know,:dont-know
35,50,4,0.6077501512482995,false,false,false
35,51,3,0.2994721907510299,:dont-know,:dont-know,:dont-know
35,52,3,0.4119496861380074,false,false,false
35,52,4,0.31181636975879784,:dont-know,:dont-know,:dont-know
35,53,2,0.31552930973107957,:dont-know,:dont-know,:dont-know
35,53,4,0.3342554086678602,false,false,false
35,57,4,0.40281112299039035,:dont-know,:dont-know,:dont-know
35,60,2,0.30235976978430207,:dont-know,:dont-know,:dont-know
35,61,2,0.27939637915788684,:dont-know,:dont-know,:dont-know
35,62,4,0.3442590562275938,:dont-know,:dont-know,:dont-know
35,65,3,0.4154008626550965,:dont-know,:dont-know,:dont-know
35,66,3,0.21563144332270193,:dont-know,:dont-know,:dont-know
35,67,3,0.14560812538872905,:dont-know,:dont-know,:dont-know
35,68,4,0.3995919367048632,:dont-know,:dont-know,:dont-know
35,70,2,0.21881120043960903,true,true,true
35,70,4,0.35020034237075337,:dont-know,:dont-know,:dont-know
35,75,3,0.43726884990400006,:dont-know,:dont-know,:dont-know
35,78,2,0.36437827023163044,:dont-know,:dont-know,:dont-know
35,84,2,0.431038994268848,true,true,true
35,85,2,0.3104508646911925,true,true,true
35,87,3,0.23743477700748927,:dont-know,:dont-know,:dont-know
35,87,4,0.4120918813035736,:dont-know,:dont-know,:dont-know
35,91,3,0.09170754214149612,true,true,true
36,49,2,0.3503728351876947,:dont-know,:dont-know,:dont-know
36,50,3,0.27701634721399343,:dont-know,:dont-know,:dont-know
36,53,3,0.4287421952626309,false,false,false
36,54,2,0.4927307520085429,:dont-know,:dont-know,:dont-know
36,57,2,0.3576611599952062,:dont-know,:dont-know,:dont-know
36,57,3,0.03914869022566788,false,false,false
36,57,3,0.2795999853211882,:dont-know,:dont-know,:dont-know
36,57,4,0.5484722925871243,:dont-know,:dont-know,:dont-know
36,61,4,0.4127875819454745,:dont-know,:dont-know,:dont-know
36,62,3,0.29469243808023626,:dont-know,:dont-know,:dont-know
36,63,3,0.2395426637149122,false,false,false
36,67,3,0.2619442121087479,:dont-know,:dont-know,:dont-know
36,72,3,0.2640953933821792,:dont-know,:dont-know,:dont-know
36,74,4,0.5348465772998995,:dont-know,:dont-know,:dont-know
36,76,3,0.1614824728974004,false,false,false
36,79,3,0.3575338536136429,:dont-know,:dont-know,:dont-know
36,84,3,0.25156831138908864,false,false,false
36,84,4,0.35456659747448827,false,false,false
36,87,3,0.5614637701434675,:dont-know,:dont-know,:dont-know
36,89,2,0.34464560364202823,:dont-know,:dont-know,:dont-know
36,90,4,0.1379402899966418,:dont-know,:dont-know,:dont-know
36,97,4,0.17157315428274386,true,true,true
37,101,3,0.6136710852113523,:dont-know,:dont-know,:dont-know
37,104,4,0.3167326420179873,:dont-know,:dont-know,:dont-know
37,47,4,0.21906903196491598,false,false,false
37,48,3,0.08548747072398692,false,false,false
37,53,4,0.2719743922374466,:dont-know,:dont-know,:dont-know
37,54,3,0.21260494571071362,:dont-know,true,true
37,64,4,0.4295918520051248,:dont-know,:dont-know,:dont-know
37,65,4,0.19920119705850106,false,false,false
37,68,2,0.527418915189041,:dont-know,:dont-know,:dont-know
37,70,4,0.20268882499711624,true,true,true
37,71,2,0.1900736418820442,:dont-know,:dont-know,:dont-know
37,71,3,0.27382728247446236,:dont-know,:dont-know,:dont-know
37,72,2,0.423649263941245,:dont-know,:dont-know,:dont-know
37,73,4,0.4836309129311484,:dont-know,:dont-know,:dont-know
37,74,3,0.5339715826083791,false,false,false
37,76,3,0.3087568198041462,:dont-know,:dont-know,:dont-know
37,77,2,0.33077280146256455,:dont-know,:dont-know,:dont-know
37,78,3,0.17764572583351937,true,true,true
37,80,3,0.36305624910913803,:dont-know,:dont-know,:dont-know
37,82,2,0.06235649368851189,true,true,true
37,83,2,0.3050627471286887,:dont-know,:dont-know,:dont-know
37,87,3,0.43056255473066934,:dont-know,:dont-know,:dont-know
37,88,3,0.2995968389318208,:dont-know,:dont-know,:dont-know
37,90,3,0.2525461468193693,:dont-know,:dont-know,:dont-know
37,93,2,0.3012278098782864,:dont-know,:dont-know,:dont-know
37,93,3,0.31060944870155016,:dont-know,:dont-know,:dont-know
37,93,4,0.4799194507449333,:dont-know,:dont-know,:dont-know
37,94,4,0.5150503576806694,:dont-know,:dont-know,:dont-know
37,95,4,0.5858636828241225,:dont-know,:dont-know,:dont-know
37,96,4,0.41638680538110434,true,true,true
38,101,3,0.46394846997766553,:dont-know,:dont-know,:dont-know
38,104,3,0.33209670552203957,:dont-know,true,true
38,49,2,0.3255375270396637,:dont-know,:dont-know,:dont-know
38,51,2,0.5700689308744616,false,:dont-know,:dont-know
38,55,4,0.28548281095652434,false,:dont-know,:dont-know
38,61,4,0.3805350312039299,:dont-know,:dont-know,:dont-know
38,65,4,0.18231510075991894,:dont-know,:dont-know,:dont-know
38,73,2,0.4783254030312811,:dont-know,:dont-know,:dont-know
38,74,3,0.039549575346584466,true,true,true
38,76,2,0.28533847325391165,:dont-know,true,true
38,77,2,0.6553708048900423,:dont-know,:dont-know,:dont-know
38,79,2,0.4052530797183876,:dont-know,true,true
38,82,2,0.2228835897159652,:dont-know,true,true
38,84,2,0.35504587572872287,:dont-know,:dont-know,:dont-know
38,85,4,0.1640910700020858,true,true,true
38,86,3,0.3234761650069347,:dont-know,:dont-know,:dont-know
38,89,3,0.48198514882543364,:dont-know,:dont-know,:dont-know
38,91,3,0.28656502546574575,true,true,true
38,91,3,0.517274106234274,:dont-know,:dont-know,:dont-know
38,92,3,0.5071973963960729,:dont-know,:dont-know,:dont-know
38,94,3,0.37263535226859185,:dont-know,:dont-know,:dont-know
39,42,2,0.19674983391083903,false,false,false
39,54,4,0.2711248602409266,:dont-know,:dont-know,:dont-know
39,57,2,0.0934162269057055,false,:dont-know,:dont-know
39,58,3,0.11294053041755177,true,true,true
39,59,4,0.3408980304990359,false,false,false
39,63,3,0.5053703894910107,:dont-know,:dont-know,:dont-know
39,64,3,0.48811060136619,false,false,false
39,69,3,0.26020419402949296,:dont-know,true,true
39,69,4,0.44657282089323536,:dont-know,:dont-know,:dont-know
39,73,3,0.1406646015236632,:dont-know,:dont-know,:dont-know
39,76,4,0.10873598151652057,:dont-know,:dont-know,:dont-know
39,77,3,0.654869650753899,:dont-know,:dont-know,:dont-know
39,81,2,0.2985425036466814,:dont-know,:dont-know,:dont-know
39,81,2,0.3248482953899654,:dont-know,:dont-know,:dont-know
39,82,4,0.25612156664614916,:dont-know,:dont-know,:dont-know
39,83,2,0.4246923265869338,:dont-know,:dont-know,:dont-know
39,91,2,0.2456128147623464,:dont-know,:dont-know,:dont-know
39,93,4,0.05470250680391756,true,true,true
39,93,4,0.4933417887885942,:dont-know,:dont-know,:dont-know
39,98,3,0.22650875411852103,:dont-know,:dont-know,:dont-know
4,6,4,0.5011609758998444,:dont-know,:dont-know,:dont-know
4,7,2,0.19691198951682842,true,true,true
4,7,4,0.22790611689944254,true,true,true
4,8,2,0.29991816292217005,false,true,true
4,8,4,0.24462556831207724,true,true,true
4,8,4,0.28745414613784714,:dont-know,:dont-know,:dont-know
4,9,4,0.4031109135422044,:dont-know,:dont-know,:dont-know
4,9,4,0.43504358727702397,true,true,true
40,101,3,0.42510558708656837,:dont-know,:dont-know,:dont-know
40,46,4,0.5237955076597327,false,false,false
40,52,4,0.3263126145488324,false,false,false
40,66,2,0.03538534070929955,true,true,true
40,67,2,0.27793833493692416,:dont-know,:dont-know,:dont-know
40,69,3,0.2458988616611647,true,true,true
40,72,3,0.4154072490685594,:dont-know,:dont-know,:dont-know
40,74,2,0.42043009406189596,:dont-know,:dont-know,:dont-know
40,77,3,0.02976382531154072,true,true,true
40,78,3,0.2831412953574132,:dont-know,:dont-know,:dont-know
40,80,2,0.09345822997463611,:dont-know,true,true
40,84,4,0.26417857039152776,:dont-know,:dont-know,:dont-know
40,87,3,0.34909182422807655,:dont-know,:dont-know,:dont-know
40,88,2,0.3731221795057102,:dont-know,:dont-know,:dont-know
40,91,2,0.4149708346405711,:dont-know,:dont-know,:dont-know
40,92,3,0.40306289057596983,:dont-know,:dont-know,:dont-know
40,96,2,0.16901866546055336,:dont-know,:dont-know,:dont-know
41,102,3,0.40090492856152693,:dont-know,:dont-know,:dont-know
41,112,2,0.14301147163500882,true,true,true
41,113,4,0.4229594675268406,:dont-know,:dont-know,:dont-know
41,114,4,0.299921758333118,:dont-know,:dont-know,:dont-know
41,49,3,0.4781425379011919,false,false,false
41,59,2,0.27322995692461016,:dont-know,:dont-know,:dont-know
41,67,3,0.5460730571545996,:dont-know,:dont-know,:dont-know
41,69,4,0.14372807158171144,:dont-know,:dont-know,:dont-know
41,69,4,0.337890265264567,:dont-know,:dont-know,:dont-know
41,76,4,0.378550345493633,:dont-know,:dont-know,:dont-know
41,78,4,0.49200816450714374,:dont-know,:dont-know,:dont-know
41,85,4,0.481416649880475,:dont-know,:dont-know,:dont-know
41,86,2,0.6293528753922669,:dont-know,:dont-know,:dont-know
41,94,4,0.5114953748096321,:dont-know,:dont-know,:dont-know
42,53,4,0.42101850883112296,false,false,false
42,57,4,0.19975219088749316,false,false,false
42,59,2,0.1522187649259483,:dont-know,:dont-know,:dont-know
42,59,3,0.32718159813424613,false,false,false
42,63,3,0.5209416736422264,false,false,false
42,68,2,0.6179226476575814,:dont-know,:dont-know,:dont-know
42,70,4,0.3343708723920294,:dont-know,:dont-know,:dont-know
42,73,4,0.4871184594286196,false,false,false
42,76,2,0.12310517482860268,:dont-know,:dont-know,:dont-know
42,76,2,0.6418353892950598,:dont-know,:dont-know,:dont-know
42,80,2,0.5103997079524323,:dont-know,:dont-know,:dont-know
42,81,4,0.4409901528593429,:dont-know,:dont-know,:dont-know
42,81,4,0.6339206980261437,:dont-know,:dont-know,:dont-know
42,85,2,0.5150939059758084,:dont-know,:dont-know,:dont-know
42,90,3,0.2917107581774847,:dont-know,:dont-know,:dont-know
42,97,3,0.495583924207617,:dont-know,:dont-know,:dont-know
43,112,3,0.48567798903939535,:dont-know,:dont-know,:dont-know
43,67,4,0.16528445966106178,:dont-know,:dont-know,:dont-know
43,67,4,0.5559951383314292,false,false,false
43,69,2,0.43741901614050677,:dont-know,:dont-know,:dont-know
43,69,2,0.4931059491181469,:dont-know,:dont-know,:dont-know
43,83,4,0.32123165695038286,:dont-know,:dont-know,:dont-know
43,84,4,0.06168158936779947,:dont-know,:dont-know,:dont-know
43,93,3,0.11784471871935691,true,true,true
44,57,4,0.33654822346640295,false,false,false
44,65,3,0.3628596510171465,:dont-know,:dont-know,:dont-know
44,69,3,0.35394517613281895,:dont-know,:dont-know,:dont-know
44,74,4,0.12376612703922996,:dont-know,:dont-know,:dont-know
44,83,2,0.142742166294153,true,true,true
44,93,2,0.2460057740404796,true,true,true
45,87,4,0.31171539885369676,false,:dont-know,:dont-know
45,91,2,0.24991269814432684,:dont-know,:dont-know,:dont-know
46,118,4,0.16468373542571316,true,true,true
46,97,2,0.20773623172817904,:dont-know,:dont-know,:dont-know
46,99,4,0.4170164449083589,:dont-know,:dont-know,:dont-know
47,88,4,0.34825781250347543,:dont-know,:dont-know,:dont-know
47,95,3,0.35601559083069684,:dont-know,:dont-know,:dont-know
48,67,3,0.534632010406348,:dont-know,:dont-know,:dont-know
49,122,3,0.1838876074721104,true,true,true
5,10,3,0.32807110673908474,true,true,true
5,12,4,0.531710469419773,:dont-know,true,true
5,5,2,0.3479178151946205,false,false,false
5,7,2,0.15754380908652368,:dont-know,:dont-know,:dont-know
5,7,2,0.38265865870434435,:dont-know,:dont-know,:dont-know
5,7,3,0.17554403394426346,false,:dont-know,:dont-know
5,7,3,0.3610790194204901,false,:dont-know,:dont-know
5,7,4,0.1557833751818591,false,:dont-know,:dont-know
5,7,4,0.4747571237792225,false,false,false
5,8,3,0.09721994792572912,true,true,true
5,8,3,0.4499203733446851,:dont-know,:dont-know,:dont-know
5,9,3,0.3580614509016164,false,:dont-know,:dont-know
5,9,4,0.22198612729070447,:dont-know,:dont-know,:dont-know
5,9,4,0.2734259220545152,:dont-know,:dont-know,:dont-know
5,9,4,0.37692087537462154,true,true,true
6,10,2,0.11563132990647625,:dont-know,:dont-know,:dont-know
6,10,2,0.5201952064383658,:dont-know,:dont-know,:dont-know
6,10,2,0.5456112685949321,false,:dont-know,:dont-know
6,10,2,0.5933882517995864,:dont-know,:dont-know,:dont-know
6,10,2,0.6007089775292578,:dont-know,:dont-know,:dont-know
6,10,3,0.4625039990144241,:dont-know,:dont-know,:dont-know
6,11,2,0.166182346386306,:dont-know,:dont-know,:dont-know
6,11,2,0.4738253351060857,:dont-know,:dont-know,:dont-know
6,11,3,0.15276461694977647,true,true,true
6,11,3,0.43217112773126987,:dont-know,:dont-know,:dont-know
6,12,4,0.45842044625950445,:dont-know,:dont-know,:dont-know
6,13,3,0.2874109384290357,:dont-know,:dont-know,:dont-know
6,13,3,0.513876117589179,:dont-know,:dont-know,:dont-know
6,13,4,0.24479474476738658,true,true,true
6,13,4,0.38183708568056307,:dont-know,:dont-know,:dont-know
6,13,4,0.38570584802769375,:dont-know,:dont-know,:dont-know
6,14,4,0.3824583788053748,:dont-know,:dont-know,:dont-know
6,16,2,0.2648373506248409,:dont-know,true,true
6,16,2,0.3564080407965249,:dont-know,:dont-know,:dont-know
6,9,2,0.3617386162043846,false,false,false
6,9,3,0.48079777884244174,false,false,false
7,10,4,0.1253868405416987,false,false,false
7,12,2,0.3287465533608062,false,:dont-know,:dont-know
7,12,2,0.580909941434924,:dont-know,:dont-know,:dont-know
7,13,2,0.1683994906160511,:dont-know,:dont-know,:dont-know
7,13,2,0.19167867280616493,true,true,true
7,13,2,0.3801069195261823,:dont-know,true,true
7,13,3,0.47700370767269673,:dont-know,:dont-know,:dont-know
7,14,3,0.2841322763390746,:dont-know,:dont-know,:dont-know
7,14,4,0.3008966518264765,false,true,true
7,14,4,0.3313761088546201,:dont-know,:dont-know,:dont-know
7,15,2,0.5040422603626443,false,false,false
7,16,2,0.3881635618169752,:dont-know,:dont-know,:dont-know
7,17,4,0.20898781072559755,true,true,true
7,17,4,0.33560730197214167,false,false,false
7,18,2,0.27813231082166096,:dont-know,:dont-know,:dont-know
7,18,2,0.3559555615978039,true,true,true
7,18,2,0.45842858568076905,:dont-know,:dont-know,:dont-know
7,8,3,0.045569461752188234,:dont-know,:dont-know,:dont-know
7,9,3,0.31526573158489235,false,false,false
8,11,4,0.30746197090415334,:dont-know,:dont-know,:dont-know
8,12,3,0.3730338958713692,false,:dont-know,:dont-know
8,13,2,0.19336093474565053,false,false,false
8,13,3,0.4900990500995204,false,false,false
8,13,4,0.39114967984098287,:dont-know,:dont-know,:dont-know
8,14,2,0.2753142086518025,true,true,true
8,14,2,0.32317524345730725,:dont-know,:dont-know,:dont-know
8,14,3,0.44600388744239,:dont-know,:dont-know,:dont-know
8,15,2,0.28583115190123437,:dont-know,true,true
8,15,4,0.25899869116450674,true,true,true
8,15,4,0.42800794970579226,false,:dont-know,:dont-know
8,16,2,0.28427790082055016,false,:dont-know,:dont-know
8,16,3,0.4384123592636244,:dont-know,:dont-know,:dont-know
8,17,2,0.3415825884009071,:dont-know,:dont-know,:dont-know
8,17,3,0.060940680514587564,:dont-know,:dont-know,:dont-know
8,18,3,0.07612107758808051,true,true,true
8,19,2,0.2479506363242936,:dont-know,true,true
8,19,3,0.36704508306260236,:dont-know,:dont-know,:dont-know
8,19,4,0.1294365483364649,:dont-know,:dont-know,:dont-know
8,19,4,0.35951577707081467,:dont-know,:dont-know,:dont-know
8,20,3,0.2681336238768641,true,true,true
9,10,2,0.48978625922394264,false,false,false
9,10,3,0.25267763313842617,false,false,false
9,12,2,0.3753222899146835,false,false,false
9,13,3,0.24605898583211316,false,false,false
9,13,4,0.1962769223296438,false,true,true
9,13,4,0.31127029743902795,:dont-know,:dont-know,:dont-know
9,14,2,0.3230058594899013,false,:dont-know,:dont-know
9,14,3,0.16140046835364183,:dont-know,:dont-know,:dont-know
9,14,3,0.28614172799416526,false,false,false
9,14,4,0.09268242016695198,false,false,false
9,14,4,0.2712543595920066,:dont-know,:dont-know,:dont-know
9,14,4,0.38837717992505133,false,false,false
9,15,3,0.28212203479255527,:dont-know,:dont-know,:dont-know
9,15,3,0.45099964040761503,:dont-know,:dont-know,:dont-know
9,16,2,0.44456756785781354,:dont-know,:dont-know,:dont-know
9,16,3,0.07442488787934791,false,false,false
9,17,2,0.3735175468124184,:dont-know,:dont-know,:dont-know
9,17,3,0.3417293765911636,:dont-know,:dont-know,:dont-know
9,17,4,0.19271801621470197,true,true,true
9,18,2,0.2980311658856775,true,true,true
9,18,2,0.4560357613885655,:dont-know,true,true
9,18,3,0.1782870616223222,:dont-know,:dont-know,:dont-know
9,18,4,0.15959477327410673,true,true,true
9,20,4,0.42573827054768093,:dont-know,:dont-know,:dont-know
9,21,2,0.012513515890062629,true,true,true
9,21,2,0.6216239103859192,:dont-know,:dont-know,:dont-know
9,21,3,0.6300164806026984,:dont-know,:dont-know,:dont-know
9,21,4,0.5877936833889765,:dont-know,:dont-know,:dont-know
9,23,4,0.5417471328854061,:dont-know,:dont-know,:dont-know
9,24,3,0.36354763459512823,:dont-know,:dont-know,:dont-know
